Portfolio,Agency,Tier,Project name,Project description,DCA 2026,DCA 2025,DCA 2024,Delivery status,Total budget (millions),Digital budget (millions),Project start date,Project end date
"Agriculture, Fisheries and Forestry","Department of Agriculture, Fisheries and Forestry",Tier 1,Digital Services to Take Farmers to Markets (TFTM),"The TFTM program is transforming Australia’s agricultural export systems with the delivery of contemporary digital products and services for trade and exporter engagement. Tranche 1 established the foundations for the digital reforms by uplifting existing systems onto modern and reliable platforms and developing new digital services. Tranche 2 builds on the capabilities delivered in Tranche 1 by delivering a dynamic program of work that enables the department to be a risk-based, data-enabled regulator. ",Medium-High,Medium-Low,Medium-High,Active,322.9,322.9,October 2020,June 2026
"Agriculture, Fisheries and Forestry","Department of Agriculture, Fisheries and Forestry",Tier 2,"Capital Security, Technology, and Asset Refresh (CapSTAR)","The CapSTAR program aims to refresh and maintain essential property and ICT assets, reduce risk in service delivery and ensure critical business systems are supported, patched and resilient. The outcome will be a sustainable and efficient technology and physical infrastructure portfolio, through reduced technical debt and increased physical and cyber maturity.",Medium-High,Medium-High,,Active,287.9,201.2,July 2024,June 2028
"Agriculture, Fisheries and Forestry","Department of Agriculture, Fisheries and Forestry",Tier 2,Simplified Targeting and Enhanced Processing Systems (STEPS),"The STEPS program will transform the border process for cargo importers who depend on the department to mitigate and regulate biosecurity risk in a challenging global marketplace.
At the time of preparing this report, this project is subject to the escalation protocols set out in the Assurance Framework for Digital and ICT Investments. These protocols are designed to support agencies in the timely resolution of delivery challenges.",Medium,Medium-Low,Medium,Active,144.9,144.9,July 2023,June 2026
"Agriculture, Fisheries and Forestry","Department of Agriculture, Fisheries and Forestry",Tier 2,Supporting a Stronger and More Sustainable Agriculture Sector,"This project aims to uplift the ICT, data and statistical systems’ capabilities to meet the department’s needs. This will improve the accessibility of agricultural data and information, improve and remediate survey processing systems, rebuild geospatial infrastructure, and gather requirements on future capabilities necessary to transform and enable agricultural data and information products to suit changing needs.",Medium-High,Medium-High,Not reported,Active,9.5,9.5,July 2023,June 2026
"Agriculture, Fisheries and Forestry","Department of Agriculture, Fisheries and Forestry",Tier 3,Climate Services for Agriculture (CSA) Program,"The CSA Program aims to build drought resilience by enabling users to anticipate future climate conditions, compare those conditions with historical climate records, and consider potential impacts on the food and fibre products they produce. CSA provides climate projections for specific commodities at a local scale via a free online platform, ‘My Climate View’.",,,,Active,22.0,11.5,July 2025,July 2028
"Agriculture, Fisheries and Forestry","Department of Agriculture, Fisheries and Forestry",Tier 3,Knowledge Management (Dorper2),"This project aims to make the knowledge generated by the Future Drought Fund (FDF) more accessible, and promote wider adoption through a systematic and strategic approach. It will develop a knowledge management system (Dorper2) to collect and store FDF knowledge, such as program outputs and outcomes, project data and information, and contract management information.",,,,Active,7.6,7.6,April 2025,June 2028
Attorney-General's,Administrative Review Tribunal,Tier 2,Case Management Solution (CMS) Program ,"This project will establish a new single case management system for the Administrative Review Tribunal (ART), replacing multiple outdated legacy systems that the ART currently relies on. The new, whole-of-agency case management system will improve ART users' digital experience and staff productivity to support the ART’s statutory objectives.
",Medium-Low,Medium-High,Not reported,Active,29.6,29.6,January 2022,June 2027
Attorney-General's,Attorney-General’s Department,Tier 3,Secure Court Information Management System (SCIMS),"The Australian Government requires the development and delivery of a digital, remote-access court information management system that is secure, accredited and highly available. SCIMS is necessary to support the electronic presentation and protection of classified material (up to and including SECRET) for legal matters that deal with national security information materials in the lead up to, and during court proceedings.",,,,Active,15.1,15.1,July 2024,June 2028
Attorney-General's,Commonwealth Director of Public Prosecutions,Tier 3,"Evidence Management Modernisation Program (EMM or EMMP), formerly Digital Litigation Solutions ",This investment is modernising how digital evidentiary material is managed by the Office of the Director of Public Prosecutions (Commonwealth) by introducing a digital solution and establishing an internal digital evidence capability to more effectively manage large volumes of digital evidence. This involves transitioning from legacy systems and establishing optimum support arrangements for an efficient prosecution service.,,,,Closed,22.7,3.6,January 2023,June 2025
"Climate Change, Energy, the Environment and Water",Australian Energy Regulator,Tier 2,Contract Market Monitoring,"The project aims to collect, store and analyse highly sensitive energy contracts data and provide insights into the performance of the wholesale electricity and gas markets, greater scrutiny of the conduct of the energy market participants, and broader understanding of the operation and impact of contract markets and overall resilience of the electricity and gas sectors.",Medium-Low,Medium,,Active,26.0,7.8,July 2024,June 2026
"Climate Change, Energy, the Environment and Water",Australian Energy Regulator,Tier 2,Data and Digital Transformation,"The project will allow the Australian Energy Regulator (AER) to collect data from energy retail businesses efficiently, quickly and effectively, and conduct critical analysis to deliver stronger outcomes to energy consumers. Using improved data and digital systems, the AER will be able to provide richer and more timely insights into energy consumer outcomes, including levels of debt and the assistance retailers are providing in this time of significant cost-of-living pressures.",Medium-Low,Medium,Not reported,Active,3.2,2.1,July 2024,June 2026
"Climate Change, Energy, the Environment and Water",Australian Energy Regulator,Tier 3,Energy Made Easy (EME) Enhancements,"The AER holds 2 statutory obligations in relation to the EME website and the Consumer Data Right (Energy) initiative. The first obligation, under the National Energy Retail Law, requires the AER to provide an online energy price comparison service for Australian consumers. The second obligation, under the Competition and Consumer (Consumer Data Right) Amendment Rules 2021, requires the AER to make retail energy product data accessible through an online request service. 
This project aims to secure essential support for the delivery of services including the consumer-facing EME website, the industry-facing Retailer Portal, and Consumer Data Right online request service. Together, these services will ensure energy consumers have access to an independent and trusted service where they can compare energy offers and find the best prices, and that retailer energy data can be collected and shared to promote data transparency and foster innovation.",,,,Active,16.0,16.0,July 2025,June 2029
"Climate Change, Energy, the Environment and Water",Bureau of Meteorology,Tier 1,ROBUST Transition Program,The ROBUST Transition Program is the successor of the ROBUST Program that closed on 30 June 2024. The primary objective of the program is to deliver the residual scope from the ROBUST Program to enable the Bureau to realise the full outcomes and benefits from the ROBUST Program. ,High,Medium-High,,Active,39.8,39.8,July 2024,November 2025
"Climate Change, Energy, the Environment and Water",Bureau of Meteorology,Tier 2,Water Market Reform - Strengthening Integrity and Transparency,"This project is restoring transparency, integrity and confidence to water markets through a new single digital platform for national water data management, a new water market website and water market data standards.",High,High,Not reported,Active,32.7,18.2,December 2022,June 2027
"Climate Change, Energy, the Environment and Water",Bureau of Meteorology,Tier 3,National Climate Adaptation and Risk Program ,"The National Climate Risk Assessment identified and analysed nationally significant climate-related risks for Australia, for action by the National Adaptation Plan. These are risks with pervasive and prolonged consequences that require a national, coordinated response.",,,,Closed,22.9,0.2,November 2023,June 2025
"Climate Change, Energy, the Environment and Water",Clean Energy Regulator,Tier 2,"Integrated Transformation and Sustainment Investment (ITSI) Program Tranche 1: Core technological modernisation, streamlined digital services and transparency","The ITSI includes a range of individual initiatives that will deliver new business and technological capability to accelerate carbon abatement and improved biodiversity outcomes for Australia. From 2021, Program Tranche 1 began core technological modernisation, streamlined digital services and transparency.",Medium,Medium-High,Medium,Active,145.0,63.4,August 2021,June 2028
"Climate Change, Energy, the Environment and Water",Clean Energy Regulator,Tier 2,Integrated Transformation and Sustainment Investment (ITSI) Program Tranche 2: Leverage modernised capabilities and investment value extension,"The ITSI includes a range of individual initiatives that will deliver new business and technological capability to accelerate carbon abatement and improved biodiversity outcomes for Australia. From 2023, Program Tranche 2 extends core technological capability, delivering new schemes and continuing to modernise existing scheme administration and transparency.",Medium,Medium-Low,,Active,159.4,82.7,August 2021,June 2034
"Climate Change, Energy, the Environment and Water","Department of Climate Change, Energy, the Environment and Water",Tier 1,Australian Energy Market Operator Digital Systems Enhancement Program,"This project is to design, implement and operate a Digital Systems Enhancement Program.",NFP,,,Active,NFP,NFP,NFP,NFP
"Climate Change, Energy, the Environment and Water","Department of Climate Change, Energy, the Environment and Water",Tier 2,Capturing Australia’s Emissions Reduction Data – Additional Funding,"The aim of this project is to support and enhance core IT systems for the ongoing delivery of Australia’s National Greenhouse Accounts (historical and projected greenhouse gas emissions estimates) to fulfil legislative and international treaty reporting obligations, track progress against national emissions reduction targets, inform national and sectoral decarbonisation plans and 2035 target setting, and enable continued delivery of tools required for the Australian Carbon Credit Unit scheme.",Medium-High,Medium-High,,Active,20.4,13.8,August 2023,June 2026
"Climate Change, Energy, the Environment and Water","Department of Climate Change, Energy, the Environment and Water",Tier 2,Establishing the National Environmental Protection Agency ,"The aim of this project is to establish a new independent Commonwealth agency, the National Environmental Protection Agency, to enforce national environmental laws and restore confidence in Australia’s environmental protection system. The funding usage includes both operating costs and one-off transitional costs.",Medium,Medium-Low,Not reported,Paused,121.0,28.1,July 2023,June 2027
"Climate Change, Energy, the Environment and Water","Department of Climate Change, Energy, the Environment and Water",Tier 2,Improved greenhouse gas accounting at national and farm levels,"This project aims to improve greenhouse gas accounting in the agriculture and land sector at the national level through to farm level. The overall budget measure will deliver: 
•	common standards for estimating and reporting agriculture and land sector emissions and removals on farm
•	improved National Greenhouse Accounts (NGA) methods that will ensure the NGA provides more robust national agriculture and land sector emissions and removals data.  
The digital and ICT measure, as part of the overall budget measure, facilitates accessibility of NGA data and calculations for users of different technical capability, including through a web mapping interface and Application Programming Interface.",Medium-High,,,Active,20.9,7.1,August 2025,July 2028
"Climate Change, Energy, the Environment and Water","Department of Climate Change, Energy, the Environment and Water",Tier 3,??Energy Model Enhancement (EME) Project,"This measure aims to improve energy planning and inform investment in energy networks and enabling infrastructure, including by developing new or improved energy forecasting models that enable more granular and integrated analysis of future energy demand.",,,,Active,7.4,6.1,January 2025,June 2027
"Climate Change, Energy, the Environment and Water","Department of Climate Change, Energy, the Environment and Water",Tier 3,Commonwealth Climate Risk and Opportunity Management Program,"To enhance climate risk management capabilities across the Commonwealth public sector, a new climate risk management guide and learning and development tools have been developed. To support this capability, the climate risk management digital tool was  developed as a user-friendly digital tool that provides the necessary data, knowledge and guidance to Australian Public Service agencies to produce climate risk assessment reports.",,,,Closed,9.3,4.4,July 2022,June 2024
"Climate Change, Energy, the Environment and Water","Department of Climate Change, Energy, the Environment and Water",Tier 3,Environment Information Australia,"Environment Information Australia (EIA) has been established to provide accessible, interoperable and high-quality environmental data and information. The investment  supports EIA to deliver environmental information, analytics and tools to support the department and government to undertake their regulatory and policy responsibilities and give business and the public easier access to environmental data and information.",,,,Closed,51.0,6.0,July 2023,June 2025
"Climate Change, Energy, the Environment and Water","Department of Climate Change, Energy, the Environment and Water",Tier 3,Online Data Collection and Reporting Mechanism for the Diesel Exhaust Fluid (DEF) Market,The purpose of the market transparency measure for the DEF sector is to establish a data collection and reporting framework for the DEF market to increase transparency and assist in avoiding future supply shortages.,,,,Active,4.6,4.6,October 2022,June 2026
"Climate Change, Energy, the Environment and Water","Department of Climate Change, Energy, the Environment and Water",Tier 3,Sustaining Environmental Assessments,"The Sustaining Environmental Assessments measure provided funds to extend this workflow system to include a searchable public register of Environment Protection and Biodiversity Conservation Act 1999 offsets (the National Environmental Offset System) and for integration with the compliance investigations ICT system. This work included design of functional interfaces with the systems being developed for compliance purposes and risk ratings, so these systems can operate in the future as modules of a more comprehensive approach to managing information relevant to the protection of the environment.",,,,Closed,2.5,2.5,July 2022,June 2025
"Climate Change, Energy, the Environment and Water","Department of Climate Change, Energy, the Environment and Water",Tier 3,Waste Exports Licencing and Declaration (WELD),"This project involved enhancements to the WELD business system to reflect new legislation for waste exports under the Recycling and Waste Reduction Act 2020 and associated Rules, including the introduction of paper and cardboard as a new regulated waste stream in 2024.",,,,Closed,0.7,0.7,November 2024,June 2025
"Climate Change, Energy, the Environment and Water",Inspector-General of Water Compliance,Tier 3,Inspector-General of Water Compliance (IGWC) ICT Enabling Systems,"The Digital and Data Strategy will guide the IGWC’s investment into ICT and data needs, to support water compliance and oversight functions for the Murray-Darling Basin.
The strategy will be implemented in phases, with the initial phase prioritising IGWC system identity and access security, and development of governance arrangements for data and information management. Strategy progress and currency will be regularly reviewed to adapt to any new regulatory or information and data needs and ICT options.",,,,Closed,1.3,1.3,October 2024,June 2025
"Climate Change, Energy, the Environment and Water",Murray-Darling Basin Authority,Tier 3,Basin Plan Review Program (Basin Plan Review ICT and Data Project),"This project is implementing the Australian Government’s commitment to safeguard and future-proof the Murray-Darling Basin by preparing for, and undertaking in full, the statutory Basin Plan Review. Outcomes include enabling data and ICT required to support the review, making data and information publicly available and accessible to a range of audiences, and managing delivery of the work program.",,,,Active,103.7,14.5,July 2023,June 2027
Education,Department of Education,Tier 1,Tertiary Collection of Student Information (TCSI) Renewal Project,"The TCSI Renewal Project is an ICT project delivering improved decision-making, service provision, access and security. It will reduce administrative overheads, improve productivity and increase satisfaction of higher education providers and students. The benefits will be delivered through enhancements to analytic capacity, monitoring and service delivery tools, to drive more accurate and timely data collection processes and ensure the security and privacy of data holdings.",Medium-High,Medium-High,Not reported,Active,32.4,27.8,July 2023,June 2026
Education,Department of Education,Tier 2,Education Funding System (EFS) (Transforming Program Administration for Schools and Higher Education (TPASU),"The EFS project is a significant initiative by the department to modernise and streamline the management of education funding across Australia, to improve the administration of $46 billion in annual funding allocated to Australian schools and higher education institutions.
At the time of preparing this report, this project is subject to the escalation protocols set out in the Assurance Framework for Digital and ICT Investments. These protocols are designed to support agencies in the timely resolution of delivery challenges.",Medium-High,Medium-Low,Medium-High,Active,88.0,71.0,July 2023,December 2026
Education,Department of Education,Tier 3,Child Care Subsidy (CCS) - Automation and Streamlining of Gap Fee Compliance,"The CCS – Automation and Streamlining of Gap Fee Compliance project aims to enhance CCS program integrity and efficiency by automating and streamlining gap fee compliance activities. This project is part of broader efforts from 2022–23 to 2024–25 to prevent fraud and ensure compliance, delivering significant savings over 6 years. The project enhances the financial support through the CCS, benefiting Australian families and children.",,,,Active,7.5,7.5,July 2024,June 2026
Education,Department of Education,Tier 3,Schools Unique Student Identifier (USI),"The Schools USI project is a national enabling initiative in the Better and Fairer Schools Agreement 2025–2034 (BFSA). The initiative expands the national USI system operating currently in the vocational education and training (VET) and higher education sectors to the school education sector. Once fully implemented, a unique number will be assigned to all primary and secondary school students in Australia, including students in alternative schooling arrangements such as homeschooling. This unique national number will be able to travel with a student throughout their school years and into VET and higher education. Implementation of the Schools USI national enabling initiative will continue in 2026 consistent with the BFSA schedule, with all school students to receive a USI by the end of 2027.",,,,Active,NFP,NFP,January 2019,December 2027
Employment and Workplace Relations,Australian Skills Quality Authority,Tier 2,Digital Transformation Program (Strengthening Integrity of the VET sector),"The Australian Skills Quality Authority (ASQA) is the national regulator of the VET sector. In February 2024, ASQA commenced a 3.5-year Digital Transformation Program to address issues with its existing ICT systems and data capabilities. The objective of the program is to ensure that ASQA is a modern, best-practice regulator, through the implementation and integration of contemporary systems and applications that will ensure ASQA can efficiently and effectively deliver its regulatory and organisational priorities.",Medium-High,High,,Active,24.8,24.8,January 2024,June 2027
Employment and Workplace Relations,Department of Employment and Workplace Relations,Tier 1,VSLConnect Project,"This project is enabling the Australian Government to better realise the benefits of the VET Student Loans (VSL) program and minimise the risk of occurrences such as the recent historical student debt issue. It will have a stronger focus on compliance and automation, and deliver a system that is flexible, scalable and stable, with a greatly enhanced data collection, integration and analytics capability.",Medium,Medium-High,Not reported,Active,41.8,33.2,July 2023,December 2025
Employment and Workplace Relations,Department of Employment and Workplace Relations,Tier 2,Parent Pathways,"The project is supporting the implementation of Parent Pathways, a voluntary service that provides personalised assistance and financial support to eligible parents and carers of children up to the age of 6 years. This extended ParentsNext to 31 October 2024 and introduced Parent Pathways from 1 November 2024, which included releasing the IT system on the Workforce Australia Digital Platform and the APS Pilot. As part of the project, enhancements will be made to Parent Pathways.",Medium,Medium-High,,Active,68.7,36.8,November 2023,June 2026
Employment and Workplace Relations,Department of Employment and Workplace Relations,Tier 3,Enhancements to the Workforce Australia Digital Platform to administer the redesigned foundation skills program,"The redesigned Skills for Education and Employment (SEE) program will improve the language, literacy, numeracy and digital literacy (LLND) skills for Australians. The program will feature 2 complementary streams of LLND training delivery. Enhancements to the Workforce Australia Digital Platform are required to support the delivery, data reporting and compliance arrangements of the redesigned SEE program.",,,,Active,10.9,10.9,July 2023,June 2026
Employment and Workplace Relations,Department of Employment and Workplace Relations,Tier 3,Pacific Australia Labour Mobility (PALM) scheme insourcing,"The project transferred the Pacific Australia Labour Mobility Information System (PALMIS) to the department's infrastructure from July to December 2023. Work is now focused on expanding and enhancement to align PALMIS with the department’s operating model. PALMIS will provide strong oversight and reporting, which will support the government’s plan to Build a Stronger Pacific Family, uphold worker protections, and address unmet labour needs in regional and rural Australia.",,,,Active,9.0,9.0,July 2023,June 2026
Employment and Workplace Relations,Department of Employment and Workplace Relations,Tier 3,"Reconnection, Employment and Learning (REAL) Program",This project supports the implementation of the REAL Program that is replacing the Time to Work Employment Service. The REAL Program is a voluntary program that will support First Nations prisoners aged 15 years and over to transition from the justice system into employment and learning. ,,,,Active,60.6,7.7,June 2024,June 2030
Finance,Australian Electoral Commission,Tier 1,Election Systems Modernisation Program (Indigo),"The Indigo Program aims to modernise core ICT infrastructure and systems of the Australian Electoral Commission (AEC) to deliver integrated, secure and modern electoral services that meet community needs and expectations into the future. The replacement of legacy systems with modern technology and infrastructure will enhance and bolster the AEC’s ability to manage security risks and strengthen Australia’s ongoing democratic resilience. Tranche 1 has been delivered, and Tranche 2A is scheduled to be completed in 2027. The AEC will seek authority to come back for a future budget request to undertake Tranche 2B.",Medium,Medium-High,Medium-High,Active,NFP,NFP,January 2020,June 2029
Finance,Australian Electoral Commission,Tier 1,Funding and Disclosure Reform Program,"The purpose of the AEC is to maintain an impartial and independent electoral system for eligible voters. As part of this, the AEC regulates the Commonwealth Funding and Disclosure Scheme. The government has introduced legislative amendments to address recommendations of the Joint Standing Committee on Electoral Matters (JSCEM) related to this scheme. 
The Funding and Disclosure Reform Program was established in March 2025 to enable the AEC to implement the legislative amendments to the scheme. Under the program, the AEC will develop modern, agile and scalable IT platforms, uplift AEC capability, policy and processes consistent with its evolving regulatory role, and deliver a comprehensive package of communications and guidance to support stakeholders transition to new legislative obligations.",Medium,,,Active,NFP,NFP,March 2025,June 2028
Finance,Australian Electoral Commission,Tier 2,Polling Place Technology Project,"This project is delivering enhanced technology to enable expansion of voter and polling place technology, through up to 10,000 laptops accessing an electronic copy of the electoral roll, called an Electronic Certified Lists. Electronic Certified Lists are portable computers deployed to polling places as a replacement to paper certified lists. The program is trialling a ‘digital officer in charge return’ at selected polling locations, which allows results to be transmitted directly into the AEC election management system.",High,Medium,Medium-High,Closed,15.5,15.5,January 2022,June 2025
Finance,Department of Finance,Tier 1,Digital ID Program,"The Digital ID program aims to provide Australians with a secure, convenient, voluntary and inclusive way to prove their identity online. Key components include a legislative framework, an Accreditation Scheme, and the Australian Government Digital Identity System. The program will also focus on increasing public awareness and adoption across government and the private sector.",Medium-High,Medium-High,Medium-High,Active,408.2,187.8,July 2023,June 2026
Finance,Department of Finance,Tier 2,Parliamentary Expenses Management System (PEMS) Enhancement Project,"The PEMS is a digital solution for the management and reporting of human resources and payroll, as well as office and travel expenses for parliamentarians, their staff and the administering agencies. The Enhancement Project is a 2-year initiative that will deliver improvements and efficiencies to the functionality of PEMS.",Medium-High,Medium,,Active,11.2,10.6,July 2024,June 2026
Finance,Department of Finance,Tier 3,Improving transparency of procurement data to support the Buy Australian Plan,"This initiative supports the implementation of the Buy Australian Plan by improving the transparency of Australian Government procurement activity through enhanced AusTender capabilities, including the establishment of a dedicated and integrated panel supplier portal. It is also improving AusTender’s reporting capability to increase transparency.",,,,Active,9.9,9.9,October 2023,July 2027
Finance,Department of Finance,Tier 3,Service Delivery Office Security and Reliability ,"The Security and Reliability program will deliver necessary ICT upgrades with a focus on cyber and data capabilities to maintain the security and reliability of the Service Delivery Office, systems which provide corporate shared services to 16 client entities across the APS.",,,,Active,12.0,12.0,July 2024,June 2026
Finance,Services Australia,Tier 1,Health Delivery Modernisation (HDM),"The HDM Program stabilised, modernised and transformed the health payments system that underpins Medicare, the Pharmaceutical Benefits Scheme and other health-related programs. The HDM Program delivered new digital health services and established new health transformation capabilities to strengthen and modernise digital health across Australia’s healthcare settings, platforms and systems.",Medium-High,Medium-High,Medium-High,Closed,487.6,194.4,July 2018,September 2025
Finance,Services Australia,Tier 2,Safely Connecting Australians with Support,"Enhancements to the myGov platform to continue to respond to the findings of the Critical National Infrastructure myGov User Audit. This includes enhancements to the myGov support tool, strengthening myGov fraud detection capabilities, improving the myGov inbox and other communication capabilities, and supporting users to better secure their myGov accounts.",Medium-High,High,,Active,49.5,25.6,July 2024,June 2026
Finance,Services Australia,Tier 3,Overseas Health Practitioner Digital Registration Project (OHPDR),"Australia is facing a shortage of key healthcare practitioners, putting the health system and existing workforce under pressure. Australians – especially those living in rural and remote areas – are finding it increasingly difficult to access healthcare.  
Services Australia is delivering the OHPDR as part of the 2024–25 Budget Measure ‘Health workforce’. This is implementing Recommendation 2, Automate the issuance of Medicare provider numbers, of the Final Report of the Independent Review of Australia’s Regulatory Settings Relating to Overseas Health Practitioners. The report, endorsed by National Cabinet, made recommendations to improve health practitioner registration, skill and qualification recognition for overseas trained health professionals and international students who have studied in Australia.",,,,Active,15.0,7.7,July 2024,February 2026
Finance,Services Australia,Tier 3,Response to Services Australia Budget and Efficiency Review – the Cyber Security Uplift Project (CSUP),The CSUP was established to address immediate agency cyber security risk and improve its cyber security maturity.,,,,Closed,NFP,NFP,July 2024,June 2025
Finance,Services Australia,Tier 3,Services Australia Improved Safety for Staff and Customers Phase 2,"The project is implementing recommendations of the Security Risk Management Review to strengthen security and safety measures for Services Australia staff and customers.
The 2024–25 Budget committed an additional $314.1 million over 2 years to implement some of the remaining recommendations of the review in full, strengthening security and safety measures to achieve sustained benefits for Services Australia staff and customers (Phase 2). A total of 14 review recommendations will be implemented in full with government funding (via 7 registered projects) and the remaining 30 recommendations with existing agency resources.",,,,Active,362.2,109.8,July 2024,July 2026
Finance,Services Australia,Tier 3,Strengthening Medicare - Chronic Wound Consumables Scheme for Patients with Diabetes,"This project is improving the management of wounds for patients in primary care settings by providing education and training for healthcare professionals and providing fully subsidised wound consumable products to people with chronic wounds. The pilot phase of this project is limited to people with a chronic wound and diabetes who are aged 65 and over (or aged 50 and over for First Nations people). If the pilot is successful, the program may be expanded to all Australians with chronic wounds.",,,,Active,16.7,10.4,June 2023,June 2026
Foreign Affairs and Trade,Australian Trade and Investment Commission (Austrade),Tier 2,Go Global Toolkit Expansion (GGT),"The GGT is a single, simple and trusted source of practical export support for all Australian business. Enhancement to GGT will improve export readiness of Australian businesses and aim to grow Australian exports through capability uplift. Enhancements include online export support that is personalised and tailored to Australian business interests, capabilities and emerging global market opportunities. Businesses can access tailored market insights, events and news articles based on their sectors and markets of interest. They can also access exclusive exporting webinars and track their progress through the export journey. 
The GGT supports the government’s trade priorities, including diversification, and also provides information on how to use new free trade agreements. It allows for trade services to be delivered digitally, at scale – a key expectation of modern Australian businesses.",Medium-High,Medium-High,,Active,10.9,9.0,July 2024,June 2026
Foreign Affairs and Trade,Department of Foreign Affairs and Trade,Tier 1,Department of Foreign Affairs and Trade (DFAT) Digital Uplift ,"This program addresses cyber security vulnerabilities across DFAT’s International Communications Network and improves collaboration across government, ensuring DFAT maintains Level 2 of the Cyber Essential Eight Maturity Model.",Medium,Medium-High,,Active,106.2,106.2,July 2024,June 2028
Foreign Affairs and Trade,Department of Foreign Affairs and Trade,Tier 2,International Communications Network (ICN) Stabilisation Program ,"This program is stabilising the current ICN by replacing aged core ICT infrastructure components (servers and network switches) along with some uninterruptable power supply (UPS), fibre remediation and replacement of end-of-life Multi-Function Devices.
Stabilisation is necessary to ensure critical systems outages are reduced and support the development of new and enhanced ICT capabilities to meet Australia's current and future communication requirements, including delivery of future government foreign policy and trade goals, as detailed in DFAT’s 10-year capability plan.",Medium-High,High,Not reported,Active,90.2,90.2,July 2023,June 2026
Foreign Affairs and Trade,Department of Foreign Affairs and Trade,Tier 3,Foreign Arrangements Scheme (FAS) – Australia’s Foreign Relations Act (AFRA) online portal and website enhancement (known as the AFRA Digital/ICT enhancement program),"This project will ensure the ongoing enhancement and maintenance of the FAS online portal and website, including the public register. This project will also ensure the government can meet its legislative responsibilities under the Australia’s Foreign Relations (State and Territory Arrangements) Act 2020, be responsive to stakeholder feedback and implement outcomes from the recent Legislative Review
* This total budget reflects the costs associated with delivery of the required digital and ICT capability and does not include costs associated with managing and delivering all regulatory functions of the Foreign Arrangements Scheme. Total program budget 29.8 million.",,,,Active,10.3,10.3,July 2023,June 2027
"Health, Disability and Ageing",Aged Care Quality and Safety Commission,Tier 3,Response to the Final Report of the Capability Review of the Aged Care Quality and Safety Commission – cyber uplift,"Cyber Uplift Phase 3 commenced in July 2025 with focus on Maturity uplift and Transition covering the following projects:
1. Security Information and Event Management (SIEM) / Security Orchestration, Automation, and Response (SOAR) / Centralised Log Ingestion (CLI) Foundations
2. Cyber Governance – Beyond Foundations
3. Multi-Factor Authentication (MFA) Review and targeted uplift
4. Vulnerability Management – Beyond Foundations
5. Application Control Capability Implementation
6. Vulnerability Scanning Capability Implementation
7. Integrated Security Architecture",,,,Active,69.4,69.4,January 2024,June 2026
"Health, Disability and Ageing",Australian Digital Health Agency,Tier 3,Investing in a modernised My Health Record to drive a digitally connected healthcare system for all Australians,"The project will establish a new national repository service to improve the My Health Record system, aligned with the contemporary health industry data standard Health Level 7 (HL7) Fast Healthcare Interoperability Resources (FHIR). This will drive a digitally connected healthcare system for all Australians, and supports use of mobile apps, in line with the National Digital Health Strategy 2023–2028. The vision is to enable a contemporary capability for My Health Record, as a foundation for the healthcare modernisation journey, which will increase value to customers and healthcare providers accessing data.",,,,Active,64.2,64.2,September 2023,June 2026
"Health, Disability and Ageing",Australian Radiation Protection and Nuclear Safety Agency,Tier 3,Ensuring Radiation Protection and Nuclear Safety for All Australians,"Phase 1 (completed) developed a self-service portal to enable customers of the agency’s Personal Radiation Monitoring Service to access a range of online capabilities to enhance the customer experience. 
Phase 2 (underway) is developing a laboratory information management system to improve internal workflow efficiency.",,,,Active,2.5,2.5,February 2023,December 2026
"Health, Disability and Ageing","Department of Health, Disability and Ageing",Tier 1,Aged Care Transformation Program – New Aged Care Act ,This project involves the design and delivery of the business and digital projects requirements to support the implementation and operationalisation of the Aged Care Act 2024.,Medium-High,Medium-Low,,Active,692.8,692.8,July 2023,June 2027
"Health, Disability and Ageing","Department of Health, Disability and Ageing",Tier 1,Aged Care Transformation Program - Support at Home,"A new program called Support at Home brings together some in-home aged care programs from 1 November 2025. Under the Support at Home program, there will be improved access to services, products, equipment and home modifications to help older people to remain healthy, active, and socially connected to their community.",Medium-High,Low,Medium-Low,Active,705.9,174.7,January 2022,June 2026
"Health, Disability and Ageing","Department of Health, Disability and Ageing",Tier 2,Establishing an Australian Centre for Disease Control (CDC),"This project presents a 3-pronged approach to establishing data capability for the Australian CDC. This includes: exploratory work for a national public health surveillance system; design of nationally consistent public health data, analytics and decision-support through a Public Health Data Network (Data Network); introduction of a public health data stewardship function to facilitate national coordination in public health action; and the development of in-house capabilities for advanced analytics within the Australian CDC to provide timely, accurate decision-support across CDC functions.",High,,,Active,26.4,3.6,January 2025,January 2027
"Health, Disability and Ageing","Department of Health, Disability and Ageing",Tier 2,Next Phase of the National Disability Data Asset (NDDA),"The project will establish an enduring NDDA of linked, de-identified data, leveraging multiple Australian, state and territory government service systems and surveys to provide insights on the outcomes of people with disability and their pathways through services.",Medium,Medium,Medium,Active,87.7,53.6,January 2022,June 2027
"Health, Disability and Ageing","Department of Health, Disability and Ageing",Tier 2,One Stop Shop for Clinical Trials and Human Research,"The development of the National One Stop Shop ICT platform underpins the Australian Government’s health and medical policy reform agenda. The platform will provide a single, end-to-end workflow for the research lifecycle of first contact between a research sponsor and a research site, through pre- and post-ethical approval and authorisation processes, regulatory requirements, participant recruitment and research management, to post-research monitoring and the publication of results. The common workflow will facilitate business processes of key Commonwealth agencies, and the next generation World Health Organization (WHO) compliant clinical trials and research registry, to provide a public-facing website with simplified and enhanced search functionality for the community. The reforms are supported by commitment between all jurisdictions under the Revitalised Clinical Trials Agenda, and the Encouraging More Clinical Trials in Australia measure, and agreement on the platform solution that will streamline and harmonise administration and regulation nationally, and make it easier to find and conduct health and medical research.",Medium-High,,,Active,32.4,17.2,July 2024,June 2029
"Health, Disability and Ageing","Department of Health, Disability and Ageing",Tier 3,Alternative Clinical Arrangements for Facilities Unable to Meet a Registered Nurse Onsite Requirement,This project developed and tested a Virtual Nursing Framework in 30 residential aged care homes. Evaluation of the project will build evidence on use of virtual nursing in residential aged care settings.,,,,Closed,31.2,9.9,December 2023,May 2025
"Health, Disability and Ageing","Department of Health, Disability and Ageing",Tier 3,Continued COVID-19 support for aged care,The primary goal of this project was to continue a range of COVID-19 outbreak management supports. The digital/ICT component funding was secured to implement a new Emergency Management Portal to replace the existing COVID-19 Support Portal. Discovery and design and re-costing for the project resulted in the decision that the project was no longer value for money and it did not proceed beyond this phase.,,,,Closed,317.4,6.7,January 2024,June 2024
"Health, Disability and Ageing","Department of Health, Disability and Ageing",Tier 3,Enhanced Regulatory Model for Vaping Products,"The project is implementing an enhanced regulatory model for vaping, to regulate the importation, domestic manufacture, supply, commercial possession and advertisement of vaping goods, including nicotine vaping products. The reforms are part of a broader effort to reduce smoking and vaping rates through stronger legislation, enforcement, education and support.
The primary goal of the digital component is to uplift digital processes to support the new vaping reform legislation. The Therapeutic Goods Administration (TGA) introduced a bespoke sponsor notification scheme to facilitate lawful access to therapeutic vapes. The project will support the digital infrastructure to enable sponsors to provide compliance declarations to the TGA in a timely manner, and enhance systems to enable staff to conduct post-market reviews and manage compliance priorities. 
As part of efforts to address black market vape sales, the TGA is currently investigating enhancements of existing compliance management systems and greater data sharing capacity with partner law enforcement agencies (such as Australian Border Force).",,,,Active,433.6,31.1,November 2023,June 2027
"Health, Disability and Ageing","Department of Health, Disability and Ageing",Tier 3,Establish a National Worker Registration Scheme for Aged Care,"This project is enabling the government’s commitment to establish a national worker registration scheme. The project includes delivery of an ICT solution that expands the existing National Disability Insurance Scheme (NDIS) worker screening system to include aged care worker screening. The expanded ICT system will create a national approach to worker screening for aged care providers, with ongoing monitoring of exclusion to better protect older people.",,,,Active,35.1,17.9,January 2021,June 2028
"Health, Disability and Ageing","Department of Health, Disability and Ageing",Tier 3,Funding Digital Capability and Sustainment of Aged Care Systems - My Health Record (MHR) Integration,"The investment was to finalise the delivery of an integrated solution, allowing the sharing of aged care information with the health sector via My Health Record.",,,,Closed,21.7,9.6,October 2023,December 2024
"Health, Disability and Ageing","Department of Health, Disability and Ageing",Tier 3,Funding for the Regulation of Medicinal Cannabis - Cost Recovery Model Update and Office of Drug Control Business Transformation,"The project supports the transformation of the Office of Drug Control business processes and ICT/digital systems. Prior reliance on outdated and inefficient manual business processes impacted Australia’s legal narcotics industry. This project will implement the outcomes of a 2022 review, to modernise systems to ensure they can support the industry and compliance activity, as well as aligning with other regulators’ digital transformation systems.",,,,Active,3.5,2.9,July 2023,August 2026
"Health, Disability and Ageing","Department of Health, Disability and Ageing",Tier 3,Integrated Aged Care Information and Intelligence – Risk Based Targeting and Information Sharing (RBTIS),The department has developed a RBTIS program of work to enable the Aged Care Quality and Safety Commission to better target its regulation of aged care providers (both residential aged care and home care) that are at risk of failing to provide quality care. The system achieves this by extracting different data elements from over a dozen major sources into information sharing dashboards.,,,,Active,37.8,25.5,January 2024,June 2027
"Health, Disability and Ageing","Department of Health, Disability and Ageing",Tier 3,Residential Aged Care – Linking Care Funding to Care Minute Delivery,"This project will create a financial incentive for residential aged care providers to meet their mandatory care minutes targets by linking care minutes funding to care minutes delivery from 1 October 2025 in Modified Monash 1 (MM1) areas. To deliver this project, changes are required in aged care systems owned by the department and Services Australia, to add needed calculations and data fields to existing reporting tools. Linking funding to care delivery is the most effective, equitable and efficient policy lever available to government to bring about behaviour change from providers and is estimated to deliver a cumulative increase of 265 million more care minutes by the end of the forward estimates. It also ensures that government is not funding providers for care they are not delivering.",,,,Active,19.6,9.0,October 2024,December 2026
"Health, Disability and Ageing","Department of Health, Disability and Ageing",Tier 3,Setting the in Australian National Aged Care Classification (AN ACC) price for 2023–24 and ongoing residential care funding reform,"This investment will support implementation of the government’s election commitment to fund the Fair Work Commission (FWC) decision for residential care aged care workers, and the annual adjustment in AN ACC funding to account for changes in aged care costs such as inflation. Necessary adjustments to the AN ACC referral, assessment and reporting functions in addition to a new hotelling supplement are also included. Progress is monitored by the Residential Aged Care Funding Reform Program Board.",,,,Active,24.3,16.3,June 2023,February 2026
"Health, Disability and Ageing",National Disability Insurance Agency,Tier 1,Reduce Waste and Combat Fraud – Crack Down on Fraud,"The Crack Down on Fraud program will boost fraud-detecting IT systems to better protect monies allocated to Australians living with disability who are on the NDIS. The investment will complement the work of the Fraud Fusion Taskforce to respond to areas of vulnerability in NDIS systems. The program includes a number of ICT improvements that will be implemented progressively and are designed to make it easier to get it right, and harder to get it wrong for everyone engaging with the NDIS",High,Medium,,Active,194.3,194.3,January 2024,December 2025
"Health, Disability and Ageing",NDIS Quality and Safeguards Commission,Tier 1,Data and Regulatory Transformation (DART) Program,"The DART Program will transform the NDIS Quality and Safeguards Commission data and technology systems to support new ways of working that will sustainably address issues experienced by NDIS participants, providers and workers. The DART Program aims to establish essential, risk-based regulatory capabilities that meet the Commission’s current and future legislative obligations, safeguard participants, ensure market quality and proactively manage compliance.",Medium,Medium,,Active,160.3,85.9,July 2024,June 2028
"Health, Disability and Ageing",Office of the Inspector-General of Aged Care,Tier 3,Establish the Inspector-General of Aged Care and the Office of the Inspector-General of Aged Case as a Statutory Agency,"This project has established the Office of the Inspector General of Aged Care (OIGAC), following a recommendation from the Royal Commission into Aged Care Quality and Safety. The project includes delivery of ICT platforms and processes to ensure the OIGAC has the foundational infrastructure to support its function, with work split across 4 key workstreams:
•	Stream 1 Case Management
•	Stream 2 Shared Services
•	Stream 3 Website
•	Stream 4 Data and Analytics.",,,,Active,25.2,25.2,November 2022,June 2026
Home Affairs,Australian Criminal Intelligence Commission,Tier 1,National Criminal Intelligence System (NCIS),The NCIS will provide secure access to a national view of criminal information and intelligence.,Medium,Medium,Medium-High,Active,373.7,373.7,January 2018,June 2027
Home Affairs,Australian Criminal Intelligence Commission,Tier 2,National Automated Fingerprint Identification System (NAFIS) NextGen,"The NAFIS NextGen will provide improved system serviceability by implementing a modern, future-proof software platform and cloud infrastructure hosting for the matching of national fingerprint data.",High,Medium-High,Medium-High,Active,40.2,40.2,November 2020,October 2025
Home Affairs,Australian Criminal Intelligence Commission,Tier 2,National Firearms Register (NFR) Program ,"The NFR Program is delivering a significant capability uplift of the existing Australian Firearms Information Network (AFIN). As part of this uplift, the program will deliver a secure, end-to-end information management sharing system for firearm licences and permits. The NFR will provide timely, consistent and accurate information on firearms and their owners across all jurisdictions, strengthening law enforcement capability and enhancing police and community safety.  
The program is being delivered under a federated model across multiple Commonwealth agencies and jurisdictions. The financial figures presented in this report relate specifically to Commonwealth funding provided to the Australian Criminal Intelligence Commission as the lead agency, and do not include funding allocated to other Commonwealth agencies or jurisdictions participating in the broader program implementation. 
At the time of preparing this reporting, the program is subject to the escalation protocols set out in the Assurance Framework for Digital and ICT Investments. These protocols are designed to support agencies in the timely resolution of delivery challenges.",Medium,Medium,,Active,161.2,161.2,July 2024,June 2028
Home Affairs,Australian Criminal Intelligence Commission,Tier 3,Operations and Funding Arrangements for the Australian Criminal Intelligence Commission (ACIC) – Secure Internet Gateway,This project involved the transition of the Secure Internet Gateway (SIG) to provide the agency with secure entry and exit points for services consumed and provided via the internet. This project related to operations and funding arrangements for the ACIC.,,,,Closed,6.4,6.4,December 2023,September 2025
Home Affairs,Australian Federal Police,Tier 3,Investigation Management Solution (IMS) Program,"The IMS provides the Australian Federal Police (AFP) with the ability to manage investigative processes and related investigative information in a single system, enabling a consistent approach to the management of investigative information across the AFP.",,,,Closed,54.5,54.5,April 2020,June 2025
Home Affairs,Australian Transaction Reports and Analysis Centre (AUSTRAC),Tier 2,Anti-Money Laundering and Counter-Terrorism Financing Reform - AUSTRAC,"The Australian Government is reforming Australia’s Anti Money Laundering and Counter Terrorism Financing (AML/CTF) regime to combat illicit financing and meet international standards, extending regulation to Tranche 2 entities. AUSTRAC will implement these changes, increasing the regulated population from 17,000 to over 100,000. This expansion will profoundly impact AUSTRAC’s regulatory activities, requiring a redesign of its approach.",High,Medium-Low,,Active,159.4,53.1,July 2024,June 2026
Home Affairs,Department of Home Affairs,Tier 2,Digital Trade Accelerator Projects (DTAP) ,The DTAP will improve cross-border trade by enhancing border and biosecurity risk assessments and government-to-business trade data sharing.,High,Medium-High,,Active,29.9,29.9,July 2024,June 2026
Home Affairs,Department of Home Affairs,Tier 2,Streamlining the Cargo Intervention Model (SCIM) – First Pass Business Case,"This project will design, test and evaluate new cargo intervention models for cross-border trade. A trial will be conducted at a selected high-volume seaport.",Medium,High,,Active,25.2,25.2,February 2024,June 2027
Home Affairs,Department of Home Affairs,Tier 2,Visa Modernisation/Digitisation – Sustaining Visa Processing Capability (SVPC),"This investment will improve existing visa systems in Home Affairs. Enhancements will be designed for future reuse and deliver broad operational benefits. This investment is an interim solution to sustain and enhance the existing ICT visa systems to improve visa service delivery and increase Australia’s attractiveness as a destination for travellers, temporary residents and migrants.",High,Medium-High,Not reported,Active,24.2,24.2,July 2023,June 2026
Home Affairs,Department of Home Affairs,Tier 3,Australian Border Force (ABF) NEXUS,"This project involves the development and trial of ABF Nexus application in the air cargo domain and the development of the business case for full roll out of the application across all operational domains Australia wide. Once rolled out, the application will be used nationally to record cargo examination information.",,,,Active,6.7,6.7,January 2024,June 2027
Home Affairs,Department of Home Affairs,Tier 3,Paperless Trading – Digital Verification Platform (DVP),This project involved the implementation of a DVP for priority trade documentation that will simplify trade for Australian exporters with trusted digital trade documents.,,,,Closed,9.1,9.1,January 2022,February 2025
Home Affairs,Department of Home Affairs,Tier 3,Risk Assessment Tobacco,This project involves the uplift of vaping and illicit tobacco risk targeting and threat detection.,,,,Active,10.1,10.1,April 2024,June 2027
Home Affairs,National Emergency Management Agency,Tier 3,Disaster Program Management System (DPMS),"The DPMS will accurately track Disaster Recovery Funding Arrangements (DRFA) programs at the community level and generate improved insights into program management. It will improve stability, automation and end-to-end processes, and create a robust foundation for improvements that will provide appropriate oversight of delivery of Commonwealth-funded programs.",,,,Paused,6.8,6.8,July 2024,TBC
"Industry, Science and Resources","Department of Industry, Science and Resources",Tier 2,Critical Minerals Production Tax Incentive (CMPTI),The CMPTI is consistent with the Critical Minerals Strategy and a key component of the Future Made in Australia Package. The project aims to establish a customer portal and associated back-end Customer Relationship Management (CRM) to facilitate the submission and assessment of CMPTI applications and subsequent reporting and compliance processes.,Medium-High,,,Active,28.3,22.1,July 2024,June 2027
"Industry, Science and Resources","Department of Industry, Science and Resources",Tier 2,National Measurement Institute (NMI) Digital Transformation Program,"The program will address the NMI’s most urgent ICT needs, such as cyber security risks as well as critical service delivery and operational issues. The program comprises 4 key ICT work streams, which aim to remediate known vulnerabilities that pose risks to operations, uplift systems to streamline processes, enhance service delivery and improve data security.",High,High,,Active,40.2,40.2,July 2024,June 2026
"Industry, Science and Resources","Department of Industry, Science and Resources",Tier 3,An Enduring Commonwealth Function for Radioactive Waste Management,"This project represents the intention of the Commonwealth to ensure safe and secure management of Australia’s radioactive waste to protect people and the environment for generations to come. The digital project, which is currently paused, aims to set up the systems required for Australian Radioactive Waste Agency to deliver an enduring function for radioactive waste management in Australia.",,,,Paused (Digital Budget),275.2,25.0,July 2023,June 2028
"Industry, Science and Resources","Department of Industry, Science and Resources",Tier 3,Single Business Service,"This project will maintain the existing Single Business Service (business.gov.au and contact centre) to simplify small to medium businesses’ engagement with government. Funding will support the ongoing delivery of the business contact centre and business.gov.au including security, infrastructure and data insights capability, and ensure information and tools are up to date, so the service remains useful and usable for the Australian business community.",,,,Active,16.4,16.3,July 2023,Ongoing - no end date
"Industry, Science and Resources",Geoscience Australia,Tier 3,An Australia–United States Partnership in Landsat Next,"The Australia–United States partnership in Landsat Next builds on a nearly 50-year partnership, enabling collaboration to scale up over the decades to come. The project will provide Australia with assured access to data from the Landsat Next satellites, an enhanced Alice Springs Ground Station capability, next-generation data processing, quality assurance, integrity monitoring and distribution capabilities, and provide satellite-based enhanced earth imaging products to users.",,,,Active,207.4,26.7,July 2024,June 2029
"Industry, Science and Resources",Questacon,Tier 3,Questacon Digital Futures Project,"Currently, Questacon’s software, hardware and network infrastructure do not provide a consistent, accessible customer experience. Current systems also do not meet core requirements for seamless digital transactions for users, efficient operations and secure transactions. This project is addressing these issues through targeted investment and uplift in key areas.",,,,Active,7.3,6.3,April 2023,June 2027
"Infrastructure, Transport, Regional Development, Communications, Sport and the Arts",Australian Communications and Media Authority,Tier 3,Fighting SMS Scams,"This project is enabling the Australian Communications and Media Authority (ACMA) to develop, operate and maintain an SMS ID registry to help prevent scammers from impersonating brands and entities in texts, using message headers (such as myGov), and to create a trusted communications channel.",,,,Active,10.9,3.2,October 2024,July 2026
"Infrastructure, Transport, Regional Development, Communications, Sport and the Arts",Australian Communications and Media Authority,Tier 3,Spectrum Management,The digital spectrum management system will include a range of new and enhanced digital and ICT capabilities to support improved spectrum management.,,,,Active,22.7,20.9,October 2022,May 2027
"Infrastructure, Transport, Regional Development, Communications, Sport and the Arts","Department of Infrastructure, Transport, Regional Development, Communications, Sport and the Arts",Tier 2,New Vehicle Efficiency Standard (NVES) Regulator and IT Build,"The establishment of a NVES for light vehicles will deliver more fuel-efficient cars for Australians and support the government’s commitment to achieve net zero by 2050. This investment is for the development of an effective ICT environment in which to manage the regulatory obligations around the NVES, such as data capture from vehicle suppliers/importers, reporting, facilitation of compliance and audit functions, and the establishment and maintenance of a NVES credit trading scheme.",Medium,Medium-High,,Active,79.2,23.8,July 2024,January 2026
"Infrastructure, Transport, Regional Development, Communications, Sport and the Arts","Department of Infrastructure, Transport, Regional Development, Communications, Sport and the Arts",Tier 2,Reporting and Program Management (RPM) System ,"The RPM project is improving the administration of grant payments to states and territories for land transport infrastructure projects. Following recommendations from the Australian National Audit Office, the department is developing a new system, which has been designed to address evolving business needs and transition the current legacy system to a more scalable and flexible system. The RPM Project Objectives are: (1) Develop a new system to automate, simplify and streamline business processes; (2) Provide a single source of data for all grant process stages that is validated and accurate, easy to access and analyse; (3) Ensure the new system is intuitive, easy to use and flexible, and can be extended to meet future needs; and (4) Migrate data from the existing data sources into a consolidated source of truth for infrastructure investment.",High,Medium-High,Medium-High,Active,30.8,14.2,July 2023,June 2026
"Infrastructure, Transport, Regional Development, Communications, Sport and the Arts",National Archives of Australia,Tier 3,Digital First (DF) Program,"The National Archives of Australia has established the DF Program to uplift its ability to manage, preserve and provide meaningful access to an increasingly digital collection of records that hold national significance.
In late 2025, the DF Program was rescoped to realign the work of the program to support implementation of the new Strategy 2025–2030: Evolving National Archives. 
The program will finish in June 2026, with additional scope relating to account and workload management to be addressed through strategy implementation.",,,,Active,25.1,20.6,July 2023,June 2026
Parliamentary Departments,Department of Parliamentary Services,Tier 2,Australian Parliamentary Technology Modernisation,This project is implementing initiatives in response to significant changes to the parliamentary operating environment and to address several critical risks that currently threaten the effective operation of the Australian Parliament.,Medium-Low,,,Active,46.3,46.3,July 2024,June 2028
Prime Minister and Cabinet,Australian Public Service Commission,Tier 3,Workforce Metrics Modernisation Program (WMMP),"The WMMP aims to stabilise the APS employment database, improving its security, usability and functionality. It will integrate APS employment data with existing Australian Bureau of Statistics data assets to enable authorised users to derive greater insights about the APS workforce.",,,,Active,7.0,7.0,July 2024,June 2026
Prime Minister and Cabinet,Department of the Prime Minister and Cabinet,Tier 2,Cyber Security Upgrades to Reduce Exposure (CURE) Program - Phase 2,The CURE program is designed to deliver a broad range of cyber security and ICT uplift initiatives for the department. The initial phase of the CURE program focused on uplifting the security posture of the department’s environment for less classified information. Phase 2 expanded the focus to also uplift the security posture of the department’s environment for more sensitive information as well as to deliver improved cyber monitoring capabilities.,Medium-High,Medium-High,Not reported,Closed,22.9,22.9,July 2024,June 2025
Social Services,Department of Social Services,Tier 2,New Disability Employment Services Reform,"This project is to support/enable the reform of Employment Services for people with disability. The New Specialist Disability Employment Program, now referred to as Inclusive Employment Australia, will be underpinned by an uplift and modernisation of the ICT system, to streamline and digitise administrative processes to support an improved user experience. The technology solution will ensure future services and policy settings are supported by a fit-for-purpose, tailored digital platform that meets the needs of all job seekers, providers and employers. This includes providing more intuitive, accessible and secure interfaces for service providers who enable individualised and flexible support for job seekers. The Department of Employment and Workplace Relations (DEWR) and Services Australia are the delivery leads and are building or enhancing the associated ICT. The majority of the ICT costs are for DEWR and Services Australia.",Medium-High,Medium-High,,Active,227.6,166.3,July 2024,September 2027
Treasury,Australian Bureau of Statistics,Tier 1,"Big Data, Timely Insights (BDTI)","BDTI Phase 2 provides a pathway off legacy ICT systems, ensuring the Australian Bureau of Statistics maximises the reuse of new tools and lessons across the organisation. The project involves rebuilding and securing the Consumer Price Index (CPI) ICT system, delivering a complete monthly measure of the CPI, building the business statistics production process in the cloud, replacing the legacy Business Register with an expanded Business Characteristics Asset in the cloud, and industrialising the Australian Bureau of Statistics cloud environment. 
At the time of preparing this report, this project is subject to the escalation protocols set out in the Assurance Framework for Digital and ICT Investments. These protocols are designed to support agencies in the timely resolution of delivery challenges.",Medium-High,Medium,Medium-High,Active,225.0,133.1,July 2023,June 2030
Treasury,Australian Bureau of Statistics,Tier 2,"2026 Census - Addressing Risks and Delivering a High Quality, Trusted Census","The Census and Statistics Act 1905 requires the Australian Bureau of Statistics to conduct a Census every 5 years. The Census provides the base for official counts of Australians and the dwellings they live in. It is a snapshot of the economic, social and cultural make-up of the nation, and tells the story of how Australia is changing over time.",Medium-High,Medium-High,,Active,726.0,164.4,January 2022,December 2027
Treasury,Australian Bureau of Statistics,Tier 2,Data Acquisition Modernisation Program,"The Australian Bureau of Statistics Data Acquisition Modernisation program aims to:
•	improve the digital experience for key surveys and allow for modern, accessible, and secure data collection processes
•	transform and modernise the Australian Bureau of Statistics contact centre to improve the experience for our customers and staff 
•	continue to modernise and replace legacy IT systems by transitioning key products and processes to a secure and scalable cloud environment.",Medium,Not reported,,Active,98.1,50.8,January 2025,June 2027
Treasury,Australian Competition and Consumer Commission,Tier 2,National Anti-Scam Centre (NASC),The NASC is a world-leading initiative to make Australia the hardest country for scammers to victimise citizens in. It will disincentivise scammers from targeting Australia and result in significantly less scam attempts.,Medium,Medium,Not reported,Active,80.5,42.7,July 2023,June 2026
Treasury,Australian Prudential Regulation Authority,Tier 2,Data and Technology Program – Governance Uplift and Investment in Data Enablement (GUIDE),"The GUIDE program is a multi-year strategic investment in data capabilities and security position of the Australian Prudential Regulation Authority (APRA), including APRA’s supervision management system. By investing in data governance, security and infrastructure, the program aims to ensure that APRA can continue to effectively fulfil its mandate, mitigate risks and support the stability and resilience of the Australian financial system.",Medium-High,Medium-High,,Active,73.2,38.0,July 2024,June 2028
Treasury,Australian Securities and Investments Commission,Tier 1,RegistryConnect Program,"The Australian Securities and Investments Commission (ASIC) RegistryConnect Program will deliver reliable, secure, trusted and efficient registry services to support the economy for the benefit of all Australians. The program’s objectives include: stabilising Registry technology to increase the security, reliability and performance of ASIC registers; modernising and uplifting the registers, user channels and interfaces; improving the quality and integrity of registry data; achieving policy and law reform; and developing enduring capabilities.",Medium-High,Medium-High,,Active,361.5,288.4,November 2023,June 2030
Treasury,Australian Securities and Investments Commission,Tier 2,Cyber Digital Transformation X (Cyber DTx),"The Cyber DTx Initiative will enhance existing cyber capabilities to secure ASIC’s existing and future networks, systems and data. The program will deliver a range of capabilities that secure ASIC regulatory systems and uplift maturity against the Cyber Essential Eight Maturity Model.",Medium,Medium-High,,Active,45.5,45.5,July 2024,June 2028
Treasury,Australian Taxation Office,Tier 1,Counter Fraud Program (Protecting against fraud and strengthening system integrity),"The Counter Fraud Program will strengthen the Australian Taxation Office’s ability to prevent, detect, contain and bring consequence to fraud and financial crime against the tax and superannuation systems.",Medium-High,Medium-High,,Active,187.0,68.4,July 2024,June 2028
Treasury,Australian Taxation Office,Tier 1,Payday Super Program,"The Payday Super project will address the systemic issue of unpaid and underpaid super guarantee by employers, by moving the obligation to pay from a quarterly to payday cycle. 
The Australian Taxation Office is building and improving data matching capabilities to match employers’ payroll data with super contribution data, providing it with near real-time visibility as to whether employers have met their obligations. The government will also redesign the super guarantee legislation in line with the move to payday super. Penalties and charges will reflect the serious nature of unpaid or underpaid super guarantee and will be recalibrated to encourage prompt rectification of non-payment with scalable consequences to deter severe or repeated non-compliance.
At the time of preparing this report, this project is subject to the escalation protocols set out in the Assurance Framework for Digital and ICT Investments. These protocols are designed to support agencies in the timely resolution of delivery challenges. The delivery confidence of the program has improved following the passage of legislation in November 2025.",Medium-Low,Low,Not reported,Active,403.3,262.2,September 2024,June 2028
Treasury,Australian Taxation Office,Tier 2,Better Targeted Superannuation Concessions (BTSC),"The BTSC measure aims to reduce tax concessions for individuals with a total superannuation balance exceeding $3 million, effective from 1 July 2026. This project is enabling the delivery of this measure with first assessments expected to be issued in the second half of 2027–28.",Medium-High,Medium-High,Not reported,Active,51.4,28.6,July 2023,September 2027
Treasury,Australian Taxation Office,Tier 2,Implementation of a Global and Domestic Minimum Tax (Pillar 2),"The Global Minimum Tax and Domestic Minimum Tax are part of a coordinated effort to address tax challenges arising from the digitalisation of the economy.
Australia, along with more than 130 other jurisdictions, agreed to a statement that set out the framework for Pillar 2 (the Global Anti-Base Erosion [GloBE] Model Rules). Implementing Pillar 2 will further strengthen Australia’s ability to address multinational tax avoidance.
The investment provides the Australian Taxation Office with the means to ensure resources are available for the ICT and data requirements to implement and administer this measure, as well as ensuring a strong ongoing compliance, advice and education focus to support the in-scope population.
At the time of preparing this report, this project is subject to the escalation protocols set out in the Assurance Framework for Digital and ICT Investments. These protocols are designed to support agencies in the timely resolution of delivery challenges.",Medium-High,Medium,Medium,Active,110.5,33.6,July 2023,June 2028
Treasury,Australian Taxation Office,Tier 2,Modernisation of Tax Administration systems (MTAS),"Improvements to Australian Taxation Office systems will reduce compliance costs on an ongoing basis for trustees, beneficiaries and tax agents – making lodgement easier and enabling the vast majority of trust tax returns to be lodged electronically. The improvements will also enable prefill of trust income for beneficiaries, in the same way salary and wages, bank interest and other types of income are currently prefilled.
Prefill capability will be enhanced by proposed legislative amendments that require trustees to report the Tax File Numbers of beneficiaries on the trust income tax return’s Statement of Distribution when they have an entitlement to trust income.",Medium,,,Active,87.9,69.7,January 2025,June 2029
Treasury,Australian Taxation Office,Tier 3,Critical Minerals Production Tax Incentive,"The Critical Minerals Production Tax Incentive were announced in the 2024–25 Budget under the measure, Future Made in Australia – Making Australia a Renewable Energy Superpower. The Australian Taxation Office is responsible for assessing tax claims under this project, including assessing payment eligibility, and processing tax payments, in consultation with Department of Industry, Science and Resources.",,,,Active,12.0,2.0,June 2024,December 2029
Treasury,Australian Taxation Office,Tier 3,Cyber Security Program (previously Building Cyber Resilience),"The program focuses on uplifting Cyber Essential Eight Maturity to Level 2, providing fit-for-purpose security services to protect the Australian Taxation Office’s digital ecosystem. The program’s outcomes will increase the Australian Taxation Office’s cyber maturity by delivering enhanced cyber capabilities and technologies.",,,,Active,136.4,136.4,January 2018,December 2026
Treasury,Australian Taxation Office,Tier 3,Hydrogen Production Tax Incentive,"The Hydrogen Production Tax Incentive were announced in the 2024–25 Budget under the measure, Future Made in Australia – Making Australia a Renewable Energy Superpower. The Australian Taxation Office is responsible for assessing tax claims under this project, including assessing payment eligibility, and processing tax payments, in consultation with the Clean Energy Regulator.",,,,Active,9.5,4.8,June 2024,December 2029
Treasury,Department of the Treasury,Tier 1,Foreign Investment Digital Transformation (FIDT) Program,"The Treasury is undertaking a transformation program to support the government’s foreign investment framework and replace the current Foreign Investment Management System. This program will deliver a fully functional end-to-end case management system, a register of foreign ownership of Australian assets, and an improved analytics capability.
On 25 June 2025, the FIDT Program was formally closed following the successful delivery of all approved program outcomes.  As part of the program closure, Treasury successfully transitioned the capabilities into ongoing sustainment and support.",Medium,Medium,Medium,Closed,70.0,68.8,September 2020,June 2025
Treasury,Department of the Treasury,Tier 3,Payment Times Reporting Scheme (PTRS) - ICT Infrastructure rebuild,"This ICT infrastructure rebuild supports improved reporting following reforms to the Payment Times Reporting Scheme. A modern portal will streamline and reduce the regulatory burden of reporting, and the public will be able to search and interrogate payment times information, including the best and worst paying large businesses using new dashboards. Increasing the transparency of large businesses’ payment performance towards their small business suppliers can incentivise fairer and faster payments to small business.",,,,Active,8.9,8.9,July 2024,June 2026
Veterans' Affairs (part of the Defence Portfolio),Department of Veterans’ Affairs,Tier 1,ObjectStar to DB2 Migration,"This project de-risks the legacy application development environment (ObjectStar) to migrate data onto a secure and modern solution (DB2). The legacy development environment contains highly complex infrastructure and a rules database, underpinning 56 applications that enable critical functions to veteran service delivery. This measure is consistent with the department’s priorities to address the claims backlog and improve the claims administration system.",Medium,Medium-High,,Active,18.2,18.2,February 2024,June 2026
Veterans' Affairs (part of the Defence Portfolio),Department of Veterans’ Affairs,Tier 2,"Replacement of the Departmental On Line Accounting and Reporting System (DOLARS), previously known as Modernisation to Reduce Wait Time to Access Support and Services (2PBC)",This project directly addresses key issues underpinning the Royal Commission’s recommendations through a range of measures to address the unacceptable level of enterprise risk associated with the legacy technology underpinning the department’s financial management capability (DOLARS) and ensure its technology and digital channel delivery functions support improved claims administration and eliminate claims backlog.,Medium-High,Medium,Not reported,Active,44.3,44.3,November 2023,June 2026
Veterans' Affairs (part of the Defence Portfolio),Department of Veterans’ Affairs,Tier 3,Digital Resilience Roadmap – Open Arms Case Management Replacement,"The project objective is to replace VERA, the current Case Management System, with a new, secure, and fit-for-purpose solution for Open Arms. This new solution will help ensure the protection of sensitive information about the department's most vulnerable clients, who are accessing mental health support. Additionally, the new system will provide opportunities for various business improvements, including the reduction of manual processing.
The solution is expected to also explore the expansion to an enterprise solution to consolidate the department’s numerous case management systems. ",,,,Active,10.8,10.8,July 2025,April 2026
