Portfolio,Agency,Tier,Project name,DCA 2024,DCA 2025,Delivery status,Total budget (millions),Digital budget (millions),Project end date,Project description
"Agriculture, Fisheries and Forestry","Department of Agriculture, Fisheries and Forestry",Tier 2,"Capital Security, Technology and Asset Refresh (CapSTAR)",,Medium-High,Active,279,189.8,30.06.2028,"The CapSTAR program aims to refresh and maintain essential property and ICT assets, reduce risk in service delivery and ensure critical business systems are supported, patched and resilient. The program outcome will be a sustainable and efficient technology and physical infrastructure portfolios, through reduction of technical debt and an increased level of physical and cyber maturity."
"Agriculture, Fisheries and Forestry","Department of Agriculture, Fisheries and Forestry",Tier 2,Simplified Targeting and Enhanced Processing Systems (STEPS) ,Medium,Medium-Low,Active,144.9,144.9,30.06.2026,"The Simplified Trade and Enhanced Processing System (STEPS) program will transform the border process for cargo importers who depend on the department to mitigate and regulate biosecurity risk in a challenging global marketplace.
At the time of preparing this report, this project is subject to the escalation protocols set out in the Assurance Framework for Digital and ICT-enabled Projects. These protocols are designed to support agencies in the timely resolution of delivery challenges."
"Agriculture, Fisheries and Forestry","Department of Agriculture, Fisheries and Forestry",Tier 1,Busting Congestion for Agricultural Exporters: Digital Services to Take Farmers to Markets,Medium-High,Medium-Low,Active,323,323,30.06.2025,"The Take Farmers to Markets (TFTM) program is transforming Australia’s agricultural 
export systems with the delivery of contemporary digital products and services for trade and exporter engagement. Tranche 1 established the foundations for the digital reforms by uplifting existing systems onto modern and reliable platforms and developing new digital services. Tranche 2 builds upon the capabilities delivered in Tranche 1 through delivery of a dynamic program of work that enables the department to become a risk-based, data-driven, digital regulator."
"Agriculture, Fisheries and Forestry","Department of Agriculture, Fisheries and Forestry",Tier 2,Supporting a Stronger and More Sustainable Agriculture Sector,Not reported,Medium-High,Active,8.8,8.8,30.06.2025,"This proposal seeks to uplift the ICT, data and statistical systems capabilities to meet the needs of department. This will improve the accessibility of agricultural data and
information, improve and remediate survey processing systems, rebuild geospatial infrastructure and gather requirements on future capabilities necessary to transform and enable agricultural data and information products to suit changing needs."
"Agriculture, Fisheries and Forestry","Department of Agriculture, Fisheries and Forestry",Tier 3,Climate Services for Agriculture,,,Active,17.2,4.4,30.06.2028,"The Climate Services for Agriculture (CSA) program aims to build drought resilience by enabling users to anticipate future climate conditions, compare those conditions with historical climate records, and consider potential impacts on the food and fibre products they produce. CSA provides climate projections for specific commodities at a local scale via a free online platform ‘My Climate View’."
"Agriculture, Fisheries and Forestry","Department of Agriculture, Fisheries and Forestry",Tier 3,Future Drought Fund Knowledge Sharing,,,Active,11.4,7.3,30.06.2028,"This proposal seeks to make the knowledge generated by the Future Drought Fund (FDF) more accessible, and to promote wider adoption through a systematic and strategic approach. In particular, the development of a knowledge management system (Dorper2) to collect and store FDF knowledge such as program outputs and outcomes, project data and information, and contract management information."
Attorney-General's,Australian Criminal Intelligence Commission,Tier 2,National Automated Fingerprint Identification System (NAFIS) NextGen,Medium-High,Medium-High,Active,40.2,40.2,30.06.2025,"The NAFIS NextGen will provide improved system serviceability by implementing a modern, future-proof software platform and cloud infrastructure hosting for the matching of national fingerprint data."
Attorney-General's,Australian Criminal Intelligence Commission,Tier 1,National Criminal Intelligence System (NCIS),Medium-High,Medium,Active,373.7,373.7,30.06.2027,The NCIS will provide secure access to a national view of criminal information and intelligence.
Attorney-General's,Australian Criminal Intelligence Commission,Tier 2,National Firearms Register -  NFR,,Medium,Active,166.7,48.8,30.06.2028,"The NFR will provide an end-to-end firearm, licence and permit information sharing and management ecosystem. The Register will deliver timely, consistent, and accurate information on firearms and owners across all jurisdictions to improve police and community safety and law enforcement capability."
Attorney-General's,Administrative Review Tribunal,Tier 2,Case Management Solution Program,Not reported,Medium-High,Active,29.6,29.6,30.06.2027,"This project will establish a new single case management system for the Administrative Review Tribunal (ART), replacing multiple outdated legacy systems that the ART currently relies on. The new, whole-of-agency case management system will improve ART users digital experience and staff productivity to support the ART’s statutory objectives."
Attorney-General's,Australian Transaction Reports and Analysis Centre (AUSTRAC),Tier 2,Anti Money Laundering and Counter Terrorism Financing Reforms Program,,Medium-Low,Active,160.8,65.7,30.06.2026,"The Australian Government is reforming Australia’s Anti Money Laundering and Counter Terrorism Financing (AML/CTF) regime to combat illicit financing and meet international standards, extending regulation to Tranche 2 entities. AUSTRAC will implement these changes, increasing the regulated population from 17,000 to over 100,000. This expansion will profoundly impact AUSTRAC’s regulatory activities, requiring a redesign of its approach."
Attorney-General's,National Anti-Corruption Commission,Tier 2,Establishment of the National Anti-Corruption Commission (NACC),High,High,Closed,201,12.2,30.06.2024,"In establishing the independent National Anti-Corruption Commission, as part of the overall funding provided by Government in the 2022–23 October Budget, $63.5 million was provided for the establishment of an ‘Independent ICT environment for the Commission’"
Attorney-General's,Attorney-General’s Department,Tier 3,Secure Court Information Management System (SCIMS),,,Active,30.7,9.5,30.06.2028,"The Australian Government requires the development and delivery of a digital, secure, accredited and high availability remote access court information management system to support the electronic presentation and protection of classified material (up to and including SECRET) for legal matters which will deal with National Security Information (NSI) materials in the lead up to, and during court proceedings."
Attorney-General's,Australian Federal Police,Tier 3,Investigation Management Solution (IMS) Program,Not reported,,Active,45,45,30.06.2025,"The IMS is providing the Australian Federal Police (AFP) with the ability to manage investigative processes and related investigative information in a single system, enabling a consistent approach to the management of investigative information across the AFP."
Attorney-General's,Commonwealth Director of Public Prosecutions,Tier 3,Evidence Management Modernisation Program (EMMP) formerly Digital Litigation Solution (DLS),Not reported,,Active,22.7,2.9,30.04.2025,This investment is modernising how digital evidentiary material is managed by the Office of the Director of Public Prosecutions (Commonwealth) by introducing a digital solution and establishing an internal digital evidence capability to more effectively manage large volumes of digital evidence. This investment involves transitioning from legacy systems and establishing optimum support arrangements in support of an efficient prosecution service.
Attorney-General's,Australian Criminal Intelligence Commission,Tier 3,Secure Internet Gateway transition,,,Active,6.4,6.4,30.06.2025,Transition of the Secure Internet Gateway (SIG) to provide the agency with secure entry and exit points for services consumed and provided via the internet. This project relates to operations and funding arrangements for the ACIC.
"Climate Change, Energy, the Environment and Water","Department of Climate Change, Energy, the Environment and Water",Tier 3,Environment Information Australia,,,Active,51,6,30.06.2027,"Environment Information Australia (EIA) has been established to provide accessible, interoperable and high-quality environmental data and information. The investment will support EIA to deliver environmental information, analytics and tools to support the operation of nature repair market, state of the environment reporting, and for environmental economic accounting."
"Climate Change, Energy, the Environment and Water",Australian Energy Regulator,Tier 2,Contract Market Monitoring,,Medium,Active,26,6,30.06.2027,"The project aims to collect, store and analyse highly sensitive energy contracts data and provide insights into the performance of the wholesale electricity and gas markets, greater scrutiny of the conduct of the energy market participants and broader understanding in the operation and impact of contract markets and overall resilience of the electricity and gas sectors."
"Climate Change, Energy, the Environment and Water",Australian Energy Regulator,Tier 2,Retail Performance Reporting,Not reported,Medium,Active,3.2,3.2,30.06.2025,"The project will allow the Australian Energy Regulator (AER) to collect data from energy retail businesses efficiently, quickly and effectively conduct critical analysis to deliver stronger outcomes to energy consumers. Using improved data and digital systems, the AER will be able to provide richer and more timely insights into energy consumer outcomes including levels of debt and the assistance retailers are providing in this time of significant cost-of-living pressures."
"Climate Change, Energy, the Environment and Water","Department of Climate Change, Energy, the Environment and Water",Tier 3,Initial Preparations to Host a UNFCCC COP (COP31),,,Active,76.2,2.7,31.12.2025,Operational planning and initial procurements to deliver on the Australian Government’s commitment to host the 31st conference of the parties (COP31) for the United Nations Framework Convention on Climate Change (UNFCC) in 2026 in close partnership with the Pacific.
"Climate Change, Energy, the Environment and Water",Bureau of Meteorology,Tier 1,ROBUST,Medium,Medium-High,Closed,865.7,682,30.06.2024,The ROBUST Program is securing and strengthening all elements of the Bureau of Meteorology (the Bureau) operating environment to provide continuous availability of critical services and mitigate risks arising from the fragility of the existing technology environment.
"Climate Change, Energy, the Environment and Water",Bureau of Meteorology,Tier 1,ROBUST Transition Program,,Medium-High,Active,36.2,36.2,30.06.2025,The ROBUST Transition Program is the successor of the ROBUST Program that closed on 30 June 2024. The primary objective is to deliver the residual scope from the ROBUST Program to enable the Bureau to realise the full outcomes and benefits from the ROBUST Program. A second DCA assessment is currently in progress and expected to be available in early 2025.
"Climate Change, Energy, the Environment and Water",Bureau of Meteorology,Tier 2,Water Market Reform,Not reported,High,Active,32.7,18.2,30.06.2027,"This project is restoring transparency, integrity and confidence to water markets through a new single digital platform for national water data management, a new water market website and water market data standards."
"Climate Change, Energy, the Environment and Water",Clean Energy Regulator,Tier 2,"CER's Integrated Transformation and Sustainment Investment (ITSI) -
Program Tranche 1: Core technological modernisation, streamlined digital services and transparency.",,Medium-High,Active,145,63.4,30.06.2028,"The ITSI includes a broad range of individual initiatives that will deliver new business and technological capability to accelerate carbon abatement and improved biodiversity outcomes for Australia.
Program Tranche 1 establishes new business systems and core technological capability to streamline and improve digital services and transparency across the schemes that the Clean Energy Regulator (CER) administers. This includes initiatives started between 2020 and 2022 that are now well advanced, and at or near build completion."
"Climate Change, Energy, the Environment and Water",Clean Energy Regulator,Tier 2,"CER's Integrated Transformation and Sustainment Investment (ITSI) -
Program Tranche 2: Leverage modernised capabilities and investment value extension ",Medium,Medium-Low,Active,96.1,43.5,30.06.2034,"The ITSI includes a range of individual initiatives that will deliver new business and technological capability to accelerate carbon abatement and improved biodiversity outcomes for Australia. From 2023, Program Tranche 2 extends core technological capability, delivering new schemes and continuing to modernise existing scheme administration and transparency."
"Climate Change, Energy, the Environment and Water","Department of Climate Change, Energy, the Environment and Water",Tier 2,Establishing Environment Protection Australia (EPA),Not reported,Medium-Low,Active,121,NFP,30.06.2027,"The aim of this project is to establish a new independent Commonwealth agency, known as Environment Protection Australia, to enforce national environmental laws and restore confidence in Australia’s environmental protection system. The funding usage includes both operating costs and one-off transitional costs."
"Climate Change, Energy, the Environment and Water","Department of Climate Change, Energy, the Environment and Water",Tier 2,Capturing Australia's Emissions Reduction Data,,Medium-High,Active,21.8,13.8,30.06.2026,"The aim of this project is to support and enhance core IT systems for the ongoing delivery of Australia’s National Greenhouse Accounts (historical and projected greenhouse gas emissions estimates) to fulfil legislative and international treaty reporting obligations, track progress against national emissions reduction targets, inform national and sectoral decarbonisation plans and 2035 target setting, and enable continued delivery of tools required for the Australian Carbon Credit Unit (ACCU) scheme."
"Climate Change, Energy, the Environment and Water","Department of Climate Change, Energy, the Environment and Water",Tier 2,Improve Energy Planning,Not reported,Not reported,Active,18.9,8.3,1.06.2026,"This measure seeks to improve energy planning and inform investment in energy networks and enabling infrastructure, including by developing new or improved energy forecasting models that enable more granular and integrated analysis of future energy demand."
"Climate Change, Energy, the Environment and Water",Murray-Darling Basin Authority,Tier 2,Basin Plan Review ICT and Data Project,Not reported,Medium-High,Active,103.7,14.5,31.12.2026,"This project is implementing the Australian Government’s commitment to safeguard and future-proof the Murray-Darling Basin by preparing for, and undertaking in full, the statutory Basin Plan Review. Outcomes include enabling data and ICT required to support the review, making data and information publicly available and accessible to a range of audiences, and managing delivery of the work program."
"Climate Change, Energy, the Environment and Water",Inspector-General of Water Compliance,Tier 3,IGWC ICT Enabling Systems,,,Active,1.3,1.3,30.06.2025,"The Inspector-General of Water Compliance is a statutory authority with oversight and regulatory functions for managing water use in the Murray-Darling Basin, established by the Australian Government. To help manage these legislative objectives, this project will assess and design future state solutions for technology that will support establishing secure and integrated data and information management systems that align with whole-of-Australian Government security standards."
"Climate Change, Energy, the Environment and Water",Bureau of Meteorology,Tier 3,National Climate Risk Assessment - Technical Delivery Stream,Not reported,,Active,19.1,0.2,30.06.2025,"The National Climate Risk Assessment is intended to identify and analyse nationally significant climate-related risks for Australia for action by the National Adaptation Plan. These are risks whose consequences would be pervasive and prolonged, and thus will require a national coordinated response."
"Climate Change, Energy, the Environment and Water","Department of Climate Change, Energy, the Environment and Water",Tier 3,Waste and Resource Recovery Data Program,,,Closed,20.6,20.6,30.06.2024,"The program aims to present publicly available national data on waste and resource recovery online, and in visual form to support understanding. Work with state and territory governments will seek to standardise definitions and waste reporting."
"Climate Change, Energy, the Environment and Water","Department of Climate Change, Energy, the Environment and Water",Tier 3,Online Data Collection and Reporting Mechanism for the DEF Market,Not reported,,Active,4.6,4.6,30.06.2025,The purpose of the market transparency measure for the Diesel Exhaust Fluid (DEF) sector is to establish a data collection and reporting framework for the DEF market to increase transparency and assist in avoiding future supply shortages.
"Climate Change, Energy, the Environment and Water","Department of Climate Change, Energy, the Environment and Water",Tier 3,Digital Environmental Assessment Program,Not reported,,Active,52.5,42,30.06.2026,The Sustaining Environmental Assessments measure provided funds to extend this workflow system to include a searchable public register of Environment Protection and Biodiversity Conservation Act 1999 offsets (the National Environmental Offset System) and for integration with the compliance investigations ICT system. This work includes design of functional interfaces with the systems being developed for compliance purposes and risk rating so that these systems can operate in the future as modules of a more comprehensive approach to managing information relevant to the protection of the environment.
"Climate Change, Energy, the Environment and Water","Department of Climate Change, Energy, the Environment and Water",Tier 3,Waste Exports Licencing and Declaration - WELD,,,Active,0.7,0.7,30.06.2025,"The Waste Export Licensing and Declaration (WELD) database contains data relating to applications for waste export licences including licence variations, renewals and exemptions. The Department of Climate Change, Energy, the Environment and Water uses the database to assess licence/exemption applications and manage issued licences/exemptions. Licence applicants and holders use the database to submit information to the department, communicate with the department and declare exports."
"Climate Change, Energy, the Environment and Water","Department of Climate Change, Energy, the Environment and Water",Tier 3,Housing Energy Upgrades Fund (previously Empowering and Enabling Energy Performance),Not reported,,Closed,36.7,1.8,30.06.2024,This project includes the discovery and alpha stages of a new Greenhouse and Energy Minimum Standards (GEMS) registration system. The current GEMS registration system is ageing and unable to support implementing the requirements of an updated GEMS Act.
"Climate Change, Energy, the Environment and Water","Department of Climate Change, Energy, the Environment and Water",Tier 3,Commonwealth Climate Risk and Opportunity Management Program,Not reported,,Active,9.3,3,1.06.2026,"To enhance climate risk management capabilities across the Commonwealth public sector, a new climate risk management guide and learning and development tools have been developed. To support this capability, the climate risk management digital tool currently being developed will be a user-friendly digital tool that provides the necessary data, knowledge and guidance to Australian Public Service agencies to produce climate risk assessment reports."
Education,Department of Education,Tier 3,Plan for Cheaper Child Care,Not reported,,Closed,3.1,3.1,30.06.2024,"New data infrastructure replaced the existing child care data warehouse, analytics and reporting processes with a robust end-to-end solution that will also deliver benefits for the department’s data analytics, compliance monitoring, integrity and fraud detection activities."
Education,Department of Education,Tier 3,Child Care Subsidy (CCS) Reform – Streamline and Automation of Gap Fee Compliance,,,Active,88.2,7.5,30.06.2025,"The Child Care Subsidy (CCS) Reform aims to enhance CCS program integrity and efficiency by automating and streamlining gap fee compliance activities. This project is part of broader efforts from 2022–23 to 2024–25 to prevent fraud and ensure compliance, delivering significant savings over 6 years. The project enhances the financial support through the CCS, benefiting Australian families and children."
Education,Department of Education,Tier 2,Education Funding System (formerly known as Transforming Program for Schools and Universities),Medium-High,Medium-Low,Active,91.7,71.1,30.06.2026,The Education Funding System (EFS) project is a significant initiative undertaken by the Australian Government Department of Education. The primary goal of the EFS project is to modernise and streamline the management of education funding across Australia; to improve the administration of $46 billion in annual funding allocated to Australian schools and higher education institutions.
Education,Department of Education,Tier 1,Tertiary Collection of Student Information (TCSI) Renewal Project ,Not reported,Medium-High,Active,31.6,27.8,30.06.2026,"The TCSI Renewal project is an ICT project delivering improved decision-making, service provision, access, and security. It will reduce administrative overheads, improve productivity and increase satisfaction of higher education providers and, students. The benefits will be delivered through enhancements to analytic capacity, monitoring and service delivery tools to drive more accurate and timely data collection processes and ensure the security and privacy of data holdings."
Education,Department of Education,Tier 3,Schools Unique Student Identifier (USI),Not reported,,Active,NFP,NFP,31.12.2027,"The schools USI is a joint initiative between the Commonwealth and the states and territories under the Better and Fairer Schools Agreement 2025–2034 which has superseded the National School Reform Agreement 2019–2024. This initiative is extending the national USI system to the school sector. Implementation will continue in 2025, with all school students to have a USI by the end of 2027."
Employment and Workplace Relations,Australian Skills Quality Authority,Tier 2,Digital Transformation Program (Strengthening Integrity of the VET sectors),,High,Active,37.8,21.1,30.06.2027,"The Australian Skills Quality Authority (ASQA) is the national regulator of the Vocational Education and Training (VET) sector. In February 2024, it commenced its 3.5 year Digital Transformation Program to address issues with current ICT systems and data capabilities. The objective of the Program is to ensure that ASQA is a modern, best practice regulator, through the implementation and integration of contemporary systems and applications that will ensure ASQA can efficiently and effectively deliver its regulatory and organisational priorities."
Employment and Workplace Relations,Department of Employment and Workplace Relations,Tier 2,Apprenticeship Modernisation Program (AMP),Medium-High,High,Closed,39.2,31.9,30.06.2024,"The Apprenticeships Data Management System (ADMS) streamlined the delivery of apprenticeship programs and services, reduced the administrative burden of employers and apprentices, and provided better data to support evidence-based policy decisionmaking. An innovative and modernised IT system will enhance direct engagement with apprentices and employers, and streamline processes for providers, enabling them to concentrate on providing advisory services"
Employment and Workplace Relations,Department of Employment and Workplace Relations,Tier 2,New Energy Apprenticeships,Not reported,High,Closed,17.2,17.2,30.06.2024,"The New Energy Apprenticeships Program is contributing to Australia’s transition to a cleaner future. It is designed to encourage apprentices to choose clean energy careers, improve retention rates and deliver more successful completions by providing direct financial support to Australian apprentices commencing an Australian apprenticeship in a clean energy occupation."
Employment and Workplace Relations,Department of Employment and Workplace Relations,Tier 2,Parents Next Replacement Solution / Voluntary Pre employment Service for Parents,,Medium-High,Active,116.9,42.4,30.06.2026,"The project is supporting the implementation of Parent Pathways, a voluntary service that provides personalised assistance and financial support to eligible parents and carers of children up to the age of 6 years. This included extending ParentsNext to 31 October 2024 and introducing Parent Pathways from 1 November 2024, which included releasing the IT system on the Workforce Australia Digital Platform and the APS Pilot. As part of the project, enhancements will be made to Parent Pathways."
Employment and Workplace Relations,Department of Employment and Workplace Relations,Tier 2,Targeted Support for Apprenticeships (Option 1),Not reported,High,Closed,9.3,9.3,30.06.2024,This project introduced a new non-financial support model for Australian apprenticeships from 1 July 2024. The model redesigned and refocused key support services delivered by the Australian Apprenticeship Support Network to increase apprenticeship completion rates and the diversity of the apprentice workforce.
Employment and Workplace Relations,Department of Employment and Workplace Relations,Tier 1,VSLConnect ,Not reported,Medium-High,Active,41.7,24.7,30.06.2025,"This project is enabling the Australian Government to better realise the benefits of the VET Student Loans (VSL) program and minimise the risk of occurrences such as the recent historical student debt issue. It will have a stronger focus on compliance and automation, and deliver a system that is a flexible, scalable and stable with a greatly enhanced data collection, integration and analytics capability."
Employment and Workplace Relations,Department of Employment and Workplace Relations,Tier 2,Onboarding complementary programs onto the Workforce Australia Digital Platform,Medium-High,Medium-High,Closed,34.9,14.2,30.06.2024,"This project seeks to onboard 3 complementary programs from their existing legacy ICT systems to the Workforce Australia Digital Platform (the platform). Onboarding these complementary programs to the platform will deliver improvements to user experiences, program uptake, policy agility and better technical sustainability. Ultimately more individuals will be supported through these complementary programs to find work or start their own business."
Employment and Workplace Relations,Department of Employment and Workplace Relations,Tier 3,Pacific Australia Labour Mobility (PALM) scheme insourcing,Not reported,,Active,6.1,6.1,30.06.2025,"The project transferred the Pacific Australia Labour Mobility Information System (PALMIS) to the department’s infrastructure from July to December 2023. Work is now focused on expanding and enhancement to align PALMIS with the department’s operating model. PALMIS will provide strong oversight and reporting which will support the Australian Government’s plan to Build a Stronger Pacific Family, uphold worker protections, and address unmet labour needs in regional and rural Australia."
Employment and Workplace Relations,Department of Employment and Workplace Relations,Tier 3,Enhancements to the Workforce Australia Digital Platform to administer the redesigned foundation skills program.,Not reported,,Active,10.9,10.9,30.06.2025,This project is to deliver enhancements to the Workforce Australia Digital Platform to administer the redesigned Skills for Education and Employment program.
Employment and Workplace Relations,Department of Employment and Workplace Relations,Tier 3,Time to Work Employment Service - Extension,,,Closed,5.7,0.4,30.06.2024,"This project supported the extension of the Time to Work Employment Service (TWES) in non-remote areas for 12 months to 30 June 2024, with a new program being introduced from 1 July 2025. The TWES supported First Nations prisoners to connect with employment services and to help more First Nations prisoners move from prison to paid work. The TWES in non-remote areas ceased on 30 June 2024."
Employment and Workplace Relations,Department of Employment and Workplace Relations,Tier 3,"Reconnection, Employment and Learning Program",,,Active,76.2,8.6,31.12.2026,"This project supports the implementation of Reconnection, Employment and Learning (REAL) Program that is replacing the Time to Work Employment Service (TWES). The REAL Program is a voluntary program that will support First Nations prisoners aged 15 years and over to transition from the justice system into employment. As part of the project the department is also seeking changes to the Capability Building Fund (that supports new employment service providers) in order to support REAL providers to fulfil the department’s requirements for accreditation in the department’s ICT cyber security protection arrangements, so that they can access the Workforce Australia Digital Platform (WADP)."
Finance,Australian Electoral Commission,Tier 2,Polling Place Technology ,Medium-High,Medium,Active,15.5,15.5,30.06.2025,"Enhanced technology to enable expansion of voter and polling coverage of polling place technology (up to 10,000 ECL devices – Electronic Certified Lists (ECLs) are portable computers deployed to polling places as a replacement to paper certified lists). The program is trialling a digital officer in charge return at selected polling locations."
Finance,Australian Electoral Commission,Tier 1,Election Systems Modernisation Program (Indigo),Medium-High,Medium-High,Active,NFP,NFP,30.06.2030,"The Indigo Program aims to modernise the AEC’s core ICT infrastructure and systems to deliver integrated, secure, and modern electoral services that meet community needs and expectations into the future. The replacement of legacy systems with modern technology and infrastructure will enhance and bolster the AEC’s ability to manage security risks and strengthen Australia’s ongoing democratic resilience. Tranche 1 has been delivered, and Tranche 2A is scheduled to be completed in 2027. The final tranche of the Program (Tranche 2B) will be subject to government consideration as part of the 2027-28 Budget context. Tranche 2B is projected to be completed in 2030."
Finance,Department of Finance,Tier 1,Digital ID Program,Medium-High,Medium-High,Active,460.5,187.8,30.06.2026,"The Digital ID program aims to provide Australians with a secure, convenient, voluntary and inclusive way to prove their identity online. Key components include a legislative framework, an Accreditation Scheme, and the Australian Government Digital Identity System (AGDIS). The program will also focus on increasing public awareness and adoption across government and private sectors."
Finance,Department of Finance,Tier 2,Parliamentary Expenses Management System (PEMS) Enhancement Project,,Medium,Active,11.2,10.6,30.06.2026,"The Parliamentary Expenses Management System (PEMS) is a digital solution for the management and reporting of HR and payroll, as well as office and travel expenses for Parliamentarians, their staff, and the administering agencies. The Enhancement Project is a 2-year initiative that will deliver improvements and efficiencies to PEMS functionality."
Finance,Department of Finance,Tier 3,SDO Security and Reliability,,,Active,12,12,30.06.2025,The Security and Reliability program will deliver necessary ICT upgrades to maintain the security and reliability of the Service Delivery Office (SDO) systems which provide corporate shared services to 15 client entities across the Australian Public Service.
Finance,Department of Finance,Tier 3,Improving transparency of procurement data to support the Buy Australian Plan,Not reported,,Active,10.6,6,30.06.2027,This initiative supports the implementation of the Buy Australian Plan by improving the transparency of Australian Government procurement activity through enhanced AusTender capabilities including the establishment of a dedicated and integrated panel supplier portal; and improving AusTender reporting capability to increase transparency.
Foreign Affairs and Trade,Australian Trade and Investment Commission (Austrade),Tier 2,Go Global Toolkit Enhancement,,Medium-High,Active,10.9,9,30.06.2026,"The Go Global Toolkit (GGT) is a single, simple and trusted source of practical export support for all Australian business. Enhancing the features and tools on the GGT will provide online export support for Australian businesses that is personalised and tailored to their activities and capabilities, as well as emerging global market opportunities. It will improve export readiness of Australian businesses and aims to grow Australian exports through capability uplift. The product supports the government’s trade diversification and priorities, including delivering information on how to utilise new free trade agreements and will allow for trade services to be delivered digitally, at scale – a key expectation of modern Australian businesses."
Foreign Affairs and Trade,Department of Foreign Affairs and Trade,Tier 1,DFAT Digital Uplift Program,,Medium-High,Active,106.2,106.2,30.06.2028,"This program consists of a high number of discrete projects improving collaboration across Government and addressing cyber security vulnerabilities across the Department’s global network, which supports all Agencies with a presence overseas, ensuring compliance with Federal Government cyber-security strategy and policy."
Foreign Affairs and Trade,Department of Foreign Affairs and Trade,Tier 2,ICN Stabilisation Program,Not reported,High,Active,90.2,90.2,30.06.2026,"This program is stabilising the Department’s current global network through replacement of core ICT infrastructure hardware components (servers/network) at all Australian offices and international missions and where critical, fibre cabling remediation, replacement UPS and Multi-functional devices. Stabilisation of the network is critical to improving the Department’s cyber security resilience, network reliability, and functionality in the short- and medium-term."
Foreign Affairs and Trade,Department of Foreign Affairs and Trade,Tier 2,Foreign Arrangements Scheme (FAS): Ensuring Australian foreign engagement in the national interest,Not reported,High,Active,29.8,13,28.05.2025,"This project will ensure the ongoing enhancement and maintenance of the Foreign Arrangements Scheme Online Portal and Website, including the Public Register. This project will also ensure the government is able to meet its legislative responsibilities under Australia’s Foreign Relations (State and Territory Arrangements) Act 2020 and be responsive to stakeholder feedback."
Health and Aged Care,Aged Care Quality and Safety Commission,Tier 3,Response to the Final Report of the Capability Review of the Aged Care Quality and Safety Commission (ACQSC),,,Active,69.4,69.4,30.06.2026,"Cyber security remediation activities will increase the Commission’s cyber resilience, increase the capacity of ICT delivery and support services to address critical operational constraints and provide enabling skills and capabilities required to support and operate the new Aged Care Act 2024 services. This increase will address critical constraints in providing the enabling capabilities to support best practice, evidencebased, contemporary regulatory program delivery."
Health and Aged Care,Department of Health and Aged Care,Tier 3,HPRG Transformation Program  ,Medium-High,,Closed,49.4,39.7,23.07.2024,"Health Products Regulation Group (HPRG, known externally as the Therapeutic Goods Administration, the TGA) is modernising its business systems and processes to reduce administrative burden on Australian medicines and medical devices businesses in their interactions with the TGA."
Health and Aged Care,Australian Radiation Protection and Nuclear Safety Agency,Tier 3,Ensuring Radiation Protection and Nuclear Safety for All Australians,Not reported,,Active,2.5,2.5,1.06.2026,"The agency is presently developing a prototype of a self-service portal that will enable customers of the agency’s Personal Radiation Monitoring Service (PRMS) to access a range of online capabilities. This project has been prompted by both internal and external stakeholders who have identified an urgent need to improve the current processes, enhance accessibility, and fulfil customer expectations."
Health and Aged Care,Department of Health and Aged Care,Tier 3,Integrated Aged Care Information and Intelligence (RBITS),,,Active,42.7,20.3,30.06.2027,The department has developed a Risk Based Targeting and Information Sharing (RBTIS) Program of work to enable the Aged Care Quality and Safety Commission to better target its regulation of aged care providers (both residential aged care and home care) that are at risk of failing to provide quality care. The system achieves this by extracting different data elements from over a dozen major sources into information sharing dashboards.
Health and Aged Care,Department of Health and Aged Care,Tier 3,Funding for the Regulation of Medicinal Cannabis - Cost Recovery Model Update and Office of Drug Control Business Transformation,Medium-High,,Active,3,2.3,20.12.2025,"The Office of Drug Business Transformation project supports the transformation of the Office of Drug Control business processes and digital/ICT systems. Prior reliance on outdated and inefficient manual business processes have impacted Australia’s legal narcotics industry and this project will implement the outcomes of a review undertaken in 2022 to modernise systems to ensure they can support the industry and compliance activity, as well as aligning with other regulators’ digital transformation systems."
Health and Aged Care,Department of Health and Aged Care,Tier 3,Essential aged care information and communication technologies system maintenance and enhancements (ACFR/QFR),Not reported,,Closed,30.3,29.4,30.06.2024,"The primary goal for this investment is to redevelop the Quarterly Financial Report through which providers supply crucial financial and service quality information to government, ensuring that aged care reforms around transparency and accountability can be delivered."
Health and Aged Care,Department of Health and Aged Care,Tier 3,Continued COVID-19 support for aged care,,,Active,318,5.6,31.12.2024,"The primary goal of this project is to continue a range of COVID-19 outbreak management supports.
The digital/ICT component funding was secured for implementation of a new Emergency Management Portal to replace the existing COVID-19 Support Portal."
Health and Aged Care,Department of Health and Aged Care,Tier 3,Enhanced Regulatory Model for Vaping Products,,,Active,135.4,7.1,30.06.2025,The primary goal of this project is to uplift digital processes to support the new vaping reform legislation. The project will support sponsors to supply vapes that meet the new standards and enhance systems to enable staff to conduct post market reviews and manage compliance. These changes will help provide patients and health practitioners with increased confidence in the quality and safety of vapes used for the purpose of smoking cessation.
Health and Aged Care,Australian Digital Health Agency,Tier 3,My Health Record on FHIR (Fast Health Interoperability Resources),Not reported,,Active,38.4,38.4,30.06.2025,"The project will establish a new national repository service to improve the My Health Record system aligned with the contemporary health industry data standard Health Level 7 (HL7) FHIR. This supports mobile app enablement in alignment with the National Digital Health Strategy 2023–2028. Its vision is to enable a contemporary capability for My Health Record, as a foundation for the healthcare modernisation journey, which will increase value to customers and healthcare providers accessing data."
Health and Aged Care,Department of Health and Aged Care,Tier 2,Transition of the National COVID-19 Vaccine Program - Vaccine Data and Digital,Not reported,Not reported,Closed,67.4,55.4,30.06.2024,"The National COVID-19 Vaccine Program has been transitioning to sustainable ongoing operations as emergency response settings are no longer required. This project facilitated platforms that were critical to ensuring Australians could access COVID-19 vaccines throughout the pandemic, supporting over 72 million vaccinations with over 50 million searches for appointments through the Vaccine Clinic Finder and almost 5 million calls to the National Coronavirus Helpline to help people with information."
Health and Aged Care,Department of Health and Aged Care,Tier 1,Improving Aged Care Data and Tracking Quality (IACDTQ) Program,Medium-Low,Medium,Closed,150.9,90.5,4.12.2024,"The primary goals for this investment are to support reforms to the Aged Care system by delivering ICT solutions that reduce provider administration burden, improve the quality and transparency of key data across the system, and reduce ongoing ICT costs across Health and Aged Care as systems are standardised and consolidated on a modern ICT platform.
At the time of preparing this report, this project is subject to the escalation protocols set out in the Assurance Framework for Digital and ICT-enabled Projects. These protocols are designed to support agencies in the timely resolution of delivery challenges."
Health and Aged Care,Department of Health and Aged Care,Tier 1,Support at Home ICT Enablement,Medium-Low,Low,Active,174.7,115.8,1.09.2025,"The program aims to provide consumers with a single system for support at home that puts them at the centre of their care. It seeks to ensure that consumers receive funding and services that match their needs and support them to remain independent at home.
At the time of preparing this report, this project is subject to the escalation protocols set out in the Assurance Framework for Digital and ICT-enabled Projects. These protocols are designed to support agencies in the timely resolution of delivery challenges."
Health and Aged Care,Department of Health and Aged Care,Tier 1,Aged Care ICT to Enable Reform & Regulatory Model,,Medium-Low,Active,407.6,407.6,30.06.2026,This project involves the design and delivery of the business and digital projects requirements to support the implementation and operationalisation of the Aged Care Act 2024.
Health and Aged Care,Department of Health and Aged Care,Tier 3,Residential Aged Care Funding Reform (RACFR) Enhancements and Hotelling Supplement,Not reported,,Active,24.3,16.3,30.06.2025,"This investment will support implementation arrangements for the Australian Government’s election commitment to fund the Fair Work Commission decision for residential care aged care workers, and the annual adjustment in Australian National Aged Care Classification (AN ACC) funding to account for changes in aged care costs such as inflation. Necessary adjustments to the AN ACC referral, assessment and reporting functions in addition to a new hotelling supplement are also included. Progress is monitored by the RACFR Program Board."
Health and Aged Care,Inspector-General of Aged Care,Tier 3,Establish the Inspector-General of Aged Care and the Office of the Inspector-General of Aged Case as a Statutory Agency,Not reported,,Active,25.2,25.2,30.06.2027,"This project has established the Office of the Inspector-General of Aged Care (OIGAC), following a recommendation from the Royal Commission into Aged Care Quality and Safety. The scope of the project includes delivery of ICT platforms and processes to ensure the OIGAC has the foundational infrastructure to support its function, with work split across 4 key workstreams:
•
Stream 1 Case Management (CRM)
•
Stream 2 Shared Services
•
Stream 3 Website
•
Stream 4 Data and Analytics."
Health and Aged Care,Department of Health and Aged Care,Tier 3,Implementation of New Legislation to Modernise Nationally Harmonised Gene Technology Scheme: More Effective Delivery of Regulation,Not reported,,Closed,3.7,1.6,25.07.2024,"This project involved preparatory work to implement legislative change, with system enhancements to enable efficient and effective operation of the new legislation. A fully integrated portal system will also be built to support stakeholder engagement and compliance with the regulatory system, and increase transparency of the operation of the Gene Technology Scheme."
Health and Aged Care,Department of Health and Aged Care,Tier 3,Establish a registration scheme for personal care workers,Not reported,,Active,114.8,20.1,30.06.2028,"This project is enabling the Australian Government’s commitment to establish a national worker registration scheme. The project includes delivery of an ICT solution that expands the existing National Disability Insurance Scheme (NDIS) worker screening system to include aged care worker screening. The expanded ICT system will create a national approach to worker screening for aged care providers, with ongoing monitoring of exclusion to better protect older people."
Health and Aged Care,Department of Health and Aged Care,Tier 3,Registered nurses on site 24/7 and More carers with more time to care (Australian National Aged Care Classification (AN-ACC) Care Minutes,Not reported,,Closed,20.9,13.3,31.12.2024,"This project supported implementation of the commitment to make nurses available at all residential aged care facilities, 24/7 from 1 July 2023 and to increase care minutes from 1 October 2024."
Health and Aged Care,Department of Health and Aged Care,Tier 3,Alternative Clinical Arrangements for Facilities Unable to Meet RN Onsite Requirement,,,Active,65.1,9.9,30.06.2027,"This refinement to 24/7 Registered nurse policy will ensure effective regulation through reporting refinements, and establish the Virtual Nursing Pilot Program and communications to promote aged care sector work."
Home Affairs,National Emergency Management Agency,Tier 3,Disaster Program Management System (DPMS),,,Active,7.4,7.4,1.11.2025,"The DPMS will accurately track Disaster Recovery Funding Arrangements programs at the community level and generate improved insights into program management. It will improve the stability, automation and end-to-end processes, and create a robust foundation for improvements that will provide appropriate oversight of delivery of Commonwealth funded programs."
Home Affairs,Department of Home Affairs,Tier 2,Seamless Traveller (IDEMIA Life Extension project),Not reported,Medium,Closed,114.8,114.8,30.06.2024,The IDEMIA Life Extension project will deliver a supported automated border clearance capability that underpins critical business operations for the Australian Border Force (ABF). It is focused on sustainment of capability rather than transformation. It will replace ageing Kiosks and SmartGates within existing airport arrivals terminals across Australia with a modern Generation 3 (Gen3) alternative.
Home Affairs,Department of Home Affairs,Tier 2,Digital Trade Accelerator Projects (DTAP) (STS),,Medium-High,Active,29.9,20.5,30.06.2026,The project will deliver a Digital Trade Accelerator program to improve cross-border trade by enhancing border and biosecurity risk assessments and government-to-business trade data sharing.
Home Affairs,Department of Home Affairs,Tier 2,Sustaining visa processing capability,Not reported,Medium-High,Active,24.2,24.2,30.06.2025,"This investment will improve existing visa systems in Home Affairs. Enhancements will be designed for future reuse and deliver broad operational benefits. This investment is an interim solution to sustain and enhance the existing ICT visa systems to improve visa service delivery to increase Australia’s attractiveness as a destination for travellers, temporary residents and migrants."
Home Affairs,Department of Home Affairs,Tier 2,Foundations to enable the Single Trade Environment (STE),,Medium-High,Closed,19,19,31.10.2024,This project delivered foundational capabilities for a Single Trade Environment to pilot an industry portal utilising a secure cloud environment and integration to modern identity services.
Home Affairs,Department of Home Affairs,Tier 2,Streamlining Cargo Intervention Model Trial,,High,Active,25.2,25.2,30.06.2027,"This project will design, test and evaluate new cargo intervention models for cross-border trade. A trial will be conducted at a selected high-volume seaport."
Home Affairs,Department of Home Affairs,Tier 3,ABF NEXUS,,,Active,6.1,6.1,31.12.2026,"This project will develop and trial the Australian Border Force (ABF) Nexus application in the air cargo domain and the development of the business case for full roll out of application across all operational domains Australia wide. Once rolled out, the application will be used nationally to record cargo examination information."
Home Affairs,Department of Home Affairs,Tier 3,Paperless Trading - Digital Verification Platform (DVP),Not reported,,Active,9.1,9.1,31.03.2025,This project will implement a Digital Verification Platform for priority trade documentation that will simplify trade for Australian exporters with trusted digital trade documents.
Home Affairs,Department of Home Affairs,Tier 3,Risk Assessment and Profiling for Vaping and Illicit Tobacco,,,Active,9.3,9.3,31.12.2026,This project will uplift vaping and illicit tobacco risk targeting and threat detection in line with new compliance activities associated with Australian Government’s Vaping and Illicit Tobacco initiative.
"Industry, Science and Resources",Questacon,Tier 3,Questacon Digital Futures Project,Not reported,,Active,11.4,11.4,30.06.2027,"Currently, Questacon’s software, hardware and network infrastructure do not provide a consistent, accessible customer experience. Current systems also do not meet core requirements for seamless digital transactions for users, efficient operations and secure transactions. This project is addressing these issues through targeted investment and uplift in key areas."
"Industry, Science and Resources",Geoscience Australia,Tier 2,Resourcing Australia’s Prosperity (RAP) Initiative,,Medium-High,Active,3361.5,325.5,30.06.2059,"Resourcing Australia’s Prosperity will secure Australia’s future as a global supplier of the resources necessary for the net-zero transition. This $3.4 billion, 35-year (2024–2059) initiative will play a key role in unlocking new opportunities to support a thriving and resilient national economy and a Future Made in Australia. It focuses on mapping Australia’s potential for critical minerals and strategic materials, groundwater, hydrogen and carbon storage, and offshore renewable energy."
"Industry, Science and Resources",Geoscience Australia,Tier 2,Australian U.S. Partnership on Landsat Next,,High,Active,207.4,26.7,30.06.2059,"The US-Australia partnership in Landsat Next builds on a nearly 50-year partnership, enabling the partners to scale up their collaboration over the decades to come. The project will provide Australia with assured access to data from the Landsat Next satellites, an enhanced Alice Springs Ground Station capability, next-generation data processing, quality assurance, integrity monitoring and distribution capabilities, and provide satellite based enhanced earth imaging products to users."
"Industry, Science and Resources","Department of Industry, Science and Resources",Tier 2,NMI Digital Transformation Program,,High,Active,40.1,40.1,30.06.2026,"The NMI Digital Transformation Program will address the National Measurement Institute’s (NMI) most urgent ICT needs, such as cyber security risks as well as critical service delivery and operational issues. The program comprises 4 key ICT work streams, which aim to remediate known vulnerabilities that pose risks to operations, uplift systems to streamline processes, enhance service delivery and improve data security."
"Industry, Science and Resources","Department of Industry, Science and Resources",Tier 3,An Enduring Commonwealth Function for Radioactive Waste Management,Not reported,,Paused,275.2,25,30.06.2028,This project represents the intention of the Commonwealth to ensure safe and secure management of Australia’s radioactive waste to protect people and the environment for generations to come. The project seeks to fund the Australian Radioactive Waste Agency to deliver an enduring function for radioactive waste management in Australia.
"Industry, Science and Resources","Department of Industry, Science and Resources",Tier 3,Single Business Service,High,,Active,39.6,16.4,Ongoing - No End Date,"This project will maintain the existing Single Business Service (business.gov.au and contact centre) to simplify small to medium businesses’ engagement with government. Funding will support the ongoing delivery of the business contact centre and business.gov.au including security, infrastructure and data insights capability, and ensuring information and tools are up to date so the service remains useful and usable for the Australian business community."
"Infrastructure, Transport, Regional Development, Communications and the Arts",National Archives of Australia,Tier 3,Digital First (DF) Program,,,Active,36.5,29.5,30.06.2027,"In April 2023, the Australian Government announced an additional $36.5 million to support a digital uplift and address legacy technology issues. The Digital First Program aims to deliver new/enhanced capabilities in the following areas:
•
Infrastructure: Modernise data storage solutions and technology standards.
•
Content: Uplift capability to digitise at-risk and high priority records.
•
Access: Upgrade access and engagement technology platforms.
•
Management: Ensure effective management of the Program."
"Infrastructure, Transport, Regional Development, Communications and the Arts",Australian Communications and Media Authority,Tier 3,Spectrum Management Solution Project,Not reported,,Active,22.7,20.9,18.12.2026,The new digital spectrum management system will include a range of new and enhanced digital and ICT capabilities to support improved management of spectrum.
"Infrastructure, Transport, Regional Development, Communications and the Arts",Australian Communications and Media Authority,Tier 3,Fighting SMS Scams,Not reported,,Active,10.9,3.2,30.06.2026,"This project is enabling the Australian Communications and Media Authority to develop, operate and maintain an SMS ID registry to help prevent scammers from impersonating brands and entities in SMS using message headers (such as myGov) and to create a trusted communications channel."
"Infrastructure, Transport, Regional Development, Communications and the Arts","Department of Infrastructure, Transport, Regional Development, Communications and the Arts",Tier 2,New Vehicle Efficiency Standard Program,,Medium-High,Active,44.4,28.1,30.06.2026,"The establishment of a New Vehicle Efficiency Standard (NVES) for light vehicles will deliver more fuel-efficient cars for Australians and support the Australian Government’s commitment to achieve net zero by 2050. This investment is for the development of an effective ICT environment in which to manage the regulatory obligations around the NVES, such as data capture from vehicle suppliers/importers, reporting, facilitation of compliance and audit functions, and the establishment and maintenance of a NVES credit trading scheme."
"Infrastructure, Transport, Regional Development, Communications and the Arts","Department of Infrastructure, Transport, Regional Development, Communications and the Arts",Tier 2,Reporting and Program Management (RPM) System Program,Medium-High,Medium-High,Active,18.6,18.5,30.06.2026,"The Infrastructure Investment Transformation Program (IITP) is delivering improvements to administration of grant payments to states and territories for infrastructure projects. Following recommendations from the Australian National Audit Office, the department is developing a new system which has been designed to address evolving business needs and transition the current legacy system to a more scalable and flexible system. The RPM Project Objectives are: (1) Develop a new system to automate, simplify and streamline business processes; (2) Provide a single source of data for all grant process stages that is validated and accurate, easy to access and analyse; (3) Ensure the new system is intuitive, easy to use and flexible, and can be extended to meet future needs; and (4) Migrate data from the existing data sources into a consolidated source of truth for infrastructure investment."
Prime Minister and Cabinet,Australian Public Service Commission,Tier 3,Workforce Metrics Modernisation Program,,,Active,4.8,4.8,19.12.2025,"The program seeks to stabilise the APS employment database improving its security, usability and functionality. It will integrate APS employment data with existing Australian Bureau of Statistics (ABS) data assets to enable authorised users to drive greater insights about the APS workforce."
Prime Minister and Cabinet,Department of the Prime Minister and Cabinet,Tier 2,Cyber Upgrades to Reduce Exposure (CURE) Phase 2,Not reported,Medium-High,Active,22.9,22.9,30.06.2025,"The Cyber Upgrades to Reduce Exposure (CURE) program is designed to deliver a broad range of cyber security and ICT uplift initiatives for the Department. The CURE program was first reported in the 2024 digital project data release. At the time, the program was focussed on uplifting the security posture of the Department’s environment for less classified information. Phase 2 has expanded the focus to also uplift the security posture of the Department’s environment for more sensitive information as well as deliver improved cyber monitoring capabilities."
Social Services,Services Australia,Tier 3,Energy Bill Relief Fund (EBRF) - ICT Build for Services Australia,Medium,,Closed,8.7,3.8,1.06.2024,"The Australian Government has partnered with states and territories through the Energy Price Relief Plan to deliver temporary relief on power bills to eligible Australian households and small businesses. Treasury is the policy owner and project lead. Services Australia was engaged to provide a temporary Centrelink Confirmation eServices (CCeS) – a secure online service for businesses to confirm a customer’s entitlement to a concession, rebate or service. The CCeS was delivered and then decommissioned on 30 June 2024, with the project delivered successfully and on schedule."
Social Services,Services Australia,Tier 3,Response to Services Australia Budget and Efficiency Review - CUSP,,,Active,NFP,NFP,30.06.2025,The Cyber Security Uplift Projects (CSUP) was established to address immediate agency cyber security risk and improve its cyber security maturity.
Social Services,Services Australia,Tier 3,Services Australia Improved Safety for Staff and Customers Phase 2,,,Active,314.5,103.8,30.06.2026,"The Security Risk Management Review Program will implement all 44 Security Risk Management Review recommendations in full with funding committed through the 2023–24 Mid-Year Economic and Fiscal Outlook and 2024–25 Budget and internally committed agency resources. The Program, comprising 7 projects for government funded initiatives, will strengthen security and safety measures for Services Australia staff and customers."
Social Services,Services Australia,Tier 3,Phishing Resistant myGov Login Credentials,,,Closed,5.6,3.3,30.06.2024,This project introduced phishing resistant sign in credentials (Passkeys) into the myGov Platform.
Social Services,Services Australia,Tier 3,Strengthening Medicare - Chronic Wound Consumables Scheme for Patients with Diabetes,Not reported,,Active,16.7,10.4,30.06.2025,"This project is improving the management of wounds for patients in primary care settings by providing education and training for healthcare professionals and providing fully subsidised wound consumable products to people with chronic wounds. The pilot phase of this project is limited to people with a chronic wound and diabetes who are aged 65 and over (or aged 50 and over for First Nations people). If the pilot is successful, the program may be expanded to all Australians with chronic wounds."
Social Services,Department of Social Services,Tier 2,Next Phase of the National Disability Data Asset (NDDA),Medium,Medium,Active,87.7,53.6,30.06.2027,"The project will establish an enduring National Disability Data Asset (NDDA) of linked, de-identified data, leveraging multiple Australian, state and territory government service systems and surveys to provide insights on the outcomes of people with disability and their pathways through services."
Social Services,Department of Social Services,Tier 2,New Specialist Disability Employment Program,,Medium-High,Active,227.6,166.3,31.08.2027,"This project is to support/enable the reform of Employment Services for people with disability. The New Specialist Disability Employment Program will be underpinned by an uplift and modernisation of the ICT system, to streamline and digitise administrative processes to support an improved user experience. The technology solution will ensure future services and policy settings are supported by a fit-for-purpose, tailored digital platform that meets the needs of all job seekers, providers, and employers. This includes providing more intuitive, accessible, and secure interfaces for service providers who enable individualised and flexible support for job seekers.
"
Social Services,National Disability Insurance Agency,Tier 1,Crack Down on Fraud,,Medium,Active,194.3,145.7,31.12.2025,"The Crack Down on Fraud program will boost fraud?detecting IT systems to better protect monies allocated to Australians living with disability who are on the NDIS. The investment will complement the work of the Fraud Fusion Taskforce to respond to areas of vulnerability in NDIS systems. The program includes a number of ICT improvements that will be implemented progressively and are designed to make it easier to get it right, and harder to get it wrong for everyone engaging with the NDIS."
Social Services,NDIS Quality and Safeguards Commission,Tier 1,Data and Regulatory Transformation (DART) Program,,Medium,Active,160.3,85.9,30.06.2028,"The DART Program will transform the NDIS Quality and Safeguards Commission data and technology systems to support new ways of working that will sustainably address issues experienced by NDIS participants, providers and workers. The DART Program aims to establish essential, risk?based regulatory capabilities that meet the Commission’s current and future legislative obligations, safeguard participants, ensure market quality, and proactively manage compliance."
Social Services,Services Australia,Tier 2,Safely Connecting Australians with Support,,High,Active,29.8,18.7,30.06.2025,"Enhancements to the myGov platform to continue to respond to the findings of the Critical National Infrastructure myGov User Audit and advice from the independent advisory board, including enhancements to the myGov support tool, strengthening myGov fraud detection capabilities, improving the myGov inbox and other communication tools and supporting users to better secure their myGov accounts."
Social Services,Services Australia,Tier 1,Health Delivery Modernisation,Medium-High,Medium-High,Active,418.7,176.4,30.06.2025,"The Health Delivery Modernisation Program continues to stabilise, modernise and transform the health payments system that underpins Medicare, the Pharmaceutical Benefits Scheme (PBS) and other health related programs. The Program is delivering new digital health services and is establishing new health transformation capabilities to strengthen and modernise digital health across Australia’s healthcare settings, platforms and systems."
Treasury,Australian Bureau of Statistics,Tier 3,Modernising ABS Operations: Essential Investments - Data Acquisition Reform,,,Closed,17.5,11,31.12.2024,"The ABS’s Data Acquisition Modernisation program:
•
improves the digital experience for key surveys and allow for modern, accessible and secure data collection processes
•
transforms and modernise the ABS contact centre to improve the experience for our customers and staff
•
continues to modernise and replace legacy IT systems by transitioning key products and processes to a secure and scalable cloud environment."
Treasury,Australian Securities and Investments Commission,Tier 3,Fighting Investment Scams,Not reported,,Closed,17.6,1.5,30.09.2024,The Fighting Investment Scams project aims to protect Australian consumers from investment scams by proactively taking down investment scam and phishing websites. The project covers the ongoing use of a website takedown service to remove a variety of investment scams.
Treasury,Australian Taxation Office,Tier 3,Cyber Security Program (previously known as Building Cyber Resilience),Not reported,,Active,108.1,108.1,31.12.2026,"The Program focuses on uplifting Essential 8 to Maturity Level 2, providing fit for purpose security services to protect the ATO’s digital ecosystem. The Program’s outcomes will increase the ATO’s cyber maturity through the delivery of enhanced cyber capabilities and technologies."
Treasury,Australian Bureau of Statistics,Tier 1,Big Data Timely Insights (BDTI) Phase 2,Medium-High,Medium,Active,224.3,132.4,30.06.2030,"BDTI Phase 2 provides a pathway off legacy ICT systems, ensuring the Australian Bureau of Statistics (ABS) maximises the reuse of new tools and lessons across the organisation. The project involves rebuilding and securing the Consumer Price Index (CPI) ICT system, delivering a complete monthly measure of the CPI, building the business statistics production process in the cloud, replacing the legacy Business Register with an expanded Business Characteristics Asset in the cloud, and industrialising the ABS cloud environment."
Treasury,Australian Bureau of Statistics,Tier 2,2026 Census of Population and Housing,,Medium-High,Active,726.5,164.4,30.12.2027,"The 2026 Census of Population and Housing will be Australia’s 19th national Census. The Census and Statistics Act 1905 (Part II, S8) requires the ABS to conduct a Census every 5 years. The Census provides the base for official counts of Australians and the dwellings in which they live. It is a snapshot of the economic, social and cultural make-up of the nation, and tells the story of how Australia is changing over time.

"
Treasury,Australian Competition and Consumer Commission,Tier 2,Working Smarter Program (WSP),Medium-High,Medium-High,Closed,41.4,41.4,30.06.2024,The investment will stabilise the Australian Competition and Consumer Commission’s ICT infrastructure to support the installation of fit-for-purpose business and corporate enabling applications and systems and introduce data analytics capabilities.
Treasury,Australian Competition and Consumer Commission,Tier 2,National Anti Scam Centre,Not reported,Medium,Active,80.1,43.2,31.07.2026,The NASC is a world-leading initiative to make Australia the hardest country for scammers to victimise citizens in. It will disincentivise scammers from targeting Australia and result in significantly less scam attempts.
Treasury,Australian Prudential Regulation Authority,Tier 2,GUIDE Program,,Medium-High,Active,73.2,73.2,30.06.2028,"The Governance Uplift and Investment in Data Enablement (GUIDE) program is a multi-year strategic investment in Australian Prudential Regulation Authority (APRA) data capabilities and security position, including APRA’s supervision management system. By investing in data governance, security and infrastructure, the program aims to ensure that APRA can continue to effectively fulfil its mandate, mitigate risks and support the stability and resilience of the Australian financial system."
Treasury,Australian Securities and Investments Commission,Tier 1,RegistryConnect Program,,Medium-High,Active,154.7,106.1,31.12.2029,"ASIC’s RegistryConnect Program will deliver reliable, secure, trusted, and efficient registry services to support the economy for the benefit of all Australians. The program’s objectives include: stabilising Registry technology to increase the security, reliability, and performance of its registers; modernising and uplifting the registers, user channels and interfaces; improving the quality and integrity of registry data; achieve policy and law reform; and developing enduring capabilities."
Treasury,Australian Securities and Investments Commission,Tier 1,Digital Transformation X - under Stabilisation of ASIC Business Registers and Regulatory Systems,,Medium-High,Active,45.5,45.5,30.06.2028,"The DTx Cyber Security Initiative will enhance existing cyber capabilities to secure the Australian Securities and Investments Commission (ASIC) existing and future networks, systems and data. The program will deliver a range of capabilities that secure ASIC regulatory systems and uplift maturity against the Essential 8."
Treasury,Australian Taxation Office,Tier 2,Implementation Of A Global Minimum Tax And A Domestic Minimum Tax (Pillar 2),Medium,Medium,Active,110.5,33.6,30.06.2027,"On 8 October 2021, Australia, as a member of the Inclusive Framework, agreed along with more than 130 other jurisdictions, to a Statement that set out the framework for Pillar 2 (the Global Anti-Base Erosion [GloBE] Model Rules). Australia is an OECD member, and as a member of the OECD/G20 Inclusive Framework on Base Erosion and Profit Shifting, and active member of the Forum on Tax Administration and implementing the Pillar 2 will further strengthen Australia’s ability to address multinational tax avoidance.
The government investment provides the ATO with the means to ensure resources are available for the ICT and data requirements to implement and administer this measure, as well as ensuring a strong ongoing compliance, advice and education focus to support the in-scope population.
At the time of preparing this report, this project is subject to the escalation protocols set out in the Assurance Framework for Digital and ICT-enabled Projects. These protocols are designed to support agencies in the timely resolution of delivery challenges."
Treasury,Australian Taxation Office,Tier 2,Better Targeted Superannuation Concessions,Not reported,Medium-High,Active,45.5,16.9,30.06.2027,"The Better Targeted Superannuation Concessions measure was announced by the Australian Government on 28 February 2023, with further authority and detail provided in the 2023–24 Budget. This project is enabling the delivery of this measure with first assessments to be issued in the first half of the 2026–27 financial year."
Treasury,Australian Taxation Office,Tier 1,Counter Fraud Program,,Medium-High,Active,187,68.4,30.06.2028,"The Counter Fraud Program will strengthen Australian Taxation Office (ATO) ability to prevent, detect, contain, and bring consequence to fraud and financial crime against the tax and superannuation systems."
Treasury,Australian Taxation Office,Tier 1,Modernising ATO IT Systems (MATOS) Program,Medium,High,Closed,42.1,30.8,30.06.2024,"The Modernising ATO IT Systems (MATOS) Program first tranche, Insights and Intelligence will modernise the ATO’s strategic IT application platform as the first step to unlock the full data potential of the ATO by purposefully leveraging data, analytics and automation to maximise the long-term sustainable economic value to Australia from the tax and superannuation system."
Treasury,Australian Taxation Office,Tier 1,Payday Super - Superannuation Guarantee Reform (Unpaid Super),Not reported,Low,Active,352.3,262.2,30.06.2028,"The Payday Super project will address the systemic issue of unpaid and underpaid super guarantee by employers by moving the obligation to pay from a quarterly to payday cycle.
The ATO will be funded to build and improve data matching capabilities to match employers’ payroll data with super contribution data, providing the ATO with near real-time visibility as to whether employers have met their obligations. The government will also redesign the super guarantee legislation in line with the move to payday super. Penalties and charges will reflect the serious nature of unpaid or underpaid super guarantee and will be recalibrated to encourage prompt rectification of non-payment with scalable consequences to deter severe or repeated non-compliance."
Treasury,Department of the Treasury,Tier 3,Payment Times Reporting Scheme (PTRS) - ICT Infrastructure rebuild.,,,Active,8.9,8.9,31.12.2025,"This system rebuild supports improved reporting following reforms to the Payment Times Reporting Scheme. A modern portal will streamline and reduce the regulatory burden of reporting and the public can search and interrogate payment times information, including the best and worst paying large businesses using new dashboards. Increasing the transparency of large businesses’ payment performance towards their small business suppliers can incentivise fairer and faster payments to small business."
Treasury,Department of the Treasury,Tier 1,Foreign Investment Digital Transformation (FIDT),Medium,Medium,Active,93.6,66.1,30.06.2025,"The Treasury is undertaking a transformation program to support the Government’s foreign investment framework and replace the current Foreign Investment Management System to deliver a fully functional end-to-end case management system, a register of foreign ownership of Australian assets and improved analytics capability.
At the time of preparing this report, this project is subject to the escalation protocols set out in the Assurance Framework for Digital and ICT-enabled Projects. These protocols are designed to support agencies in the timely resolution of delivery challenges."
Veterans' Affairs (part of the Defence Portfolio),Department of Veterans’ Affairs,Tier 3,Digital Resilience Roadmap - Piloting and Modernising DVA's Case Management and Workflow Capability,,,Active,8.4,8.4,31.12.2025,This project seeks to pilot a modern Enterprise Case Management Solution (ECMS) for DVA. It will trial a new clinical case management solution to support veterans and their families through counselling services. This proposal enables DVA to continue to contribute and deliver on the Australian Government’s response to Recommendation 3 of the Interim Report to the Royal Commission by improving the administration of the claims system.
Veterans' Affairs (part of the Defence Portfolio),Department of Veterans’ Affairs,Tier 1,ObjectStar database migration to DB2,,Medium-High,Active,18.2,18.2,30.06.2025,"This project de-risks the legacy application development environment (ObjectStar) to migrate data onto a secure and modern solution. The legacy development environment contains highly complex infrastructure and rules database, underpinning 56 applications that enable critical functions to veteran service delivery. This measure is consistent with Department of Veterans’ Affairs (DVA) priorities to address the claims backlog and improve the claims administration system."
Veterans' Affairs (part of the Defence Portfolio),Department of Veterans’ Affairs,Tier 2,Replacement of the Departmental On Line Accounting and Reporting System (DOLARS) ,Not reported,Medium,Active,89.3,89.3,15.12.2025,This project directly addresses key issues underpinning the Royal Commission’s recommendations by proposing a range of measures to address the unacceptable level of enterprise risk associated with the legacy technology underpinning DVA’s financial management capability (DOLARS) and ensure DVA’s technology and digital channel delivery functions support improve claims administration and claims backlog elimination.
Veterans' Affairs (part of the Defence Portfolio),Department of Veterans’ Affairs,Tier 2,Modernisation to reduce wait times to access support and services ,Not reported,Medium-High,Closed,87.2,87.2,30.11.2024,This proposal seeks to ensure the DVA’s technology and digital channel delivery functions effectively to support improved claims administration and claims backlog elimination; and to address the unacceptable level of enterprise risk associated with the legacy technology that underpins DVA’s financial management capability.
